{"frames":{"boss_attack_left_01":{"frame":{"x":99,"y":0,"w":96,"h":192},"rotated":false,"trimmed":false,"spriteSourceSize":{"x":0,"y":0,"w":96,"h":192},"sourceSize":{"w":96,"h":192}},"boss_attack_left_02":{"frame":{"x":390,"y":0,"w":96,"h":192},"rotated":false,"trimmed":false,"spriteSourceSize":{"x":0,"y":0,"w":96,"h":192},"sourceSize":{"w":96,"h":192}},"boss_attack_left_03":{"frame":{"x":584,"y":0,"w":96,"h":192},"rotated":false,"trimmed":false,"spriteSourceSize":{"x":0,"y":0,"w":96,"h":192},"sourceSize":{"w":96,"h":192}},"boss_attack_left_04":{"frame":{"x":97,"y":258,"w":96,"h":192},"rotated":false,"trimmed":false,"spriteSourceSize":{"x":0,"y":0,"w":96,"h":192},"sourceSize":{"w":96,"h":192}},"boss_attack_left_05":{"frame":{"x":487,"y":193,"w":96,"h":192},"rotated":false,"trimmed":false,"spriteSourceSize":{"x":0,"y":0,"w":96,"h":192},"sourceSize":{"w":96,"h":192}},"boss_attack_right_01":{"frame":{"x":390,"y":193,"w":96,"h":192},"rotated":false,"trimmed":false,"spriteSourceSize":{"x":0,"y":0,"w":96,"h":192},"sourceSize":{"w":96,"h":192}},"boss_attack_right_02":{"frame":{"x":0,"y":65,"w":96,"h":192},"rotated":false,"trimmed":false,"spriteSourceSize":{"x":0,"y":0,"w":96,"h":192},"sourceSize":{"w":96,"h":192}},"boss_attack_right_03":{"frame":{"x":584,"y":290,"w":96,"h":192},"rotated":false,"trimmed":false,"spriteSourceSize":{"x":0,"y":0,"w":96,"h":192},"sourceSize":{"w":96,"h":192}},"boss_attack_right_04":{"frame":{"x":0,"y":258,"w":96,"h":192},"rotated":false,"trimmed":false,"spriteSourceSize":{"x":0,"y":0,"w":96,"h":192},"sourceSize":{"w":96,"h":192}},"boss_attack_right_05":{"frame":{"x":293,"y":0,"w":96,"h":192},"rotated":false,"trimmed":false,"spriteSourceSize":{"x":0,"y":0,"w":96,"h":192},"sourceSize":{"w":96,"h":192}},"boss_door":{"frame":{"x":584,"y":193,"w":96,"h":96},"rotated":false,"trimmed":false,"spriteSourceSize":{"x":0,"y":0,"w":96,"h":96},"sourceSize":{"w":96,"h":96}},"boss_stand_left":{"frame":{"x":196,"y":0,"w":96,"h":192},"rotated":false,"trimmed":false,"spriteSourceSize":{"x":0,"y":0,"w":96,"h":192},"sourceSize":{"w":96,"h":192}},"boss_stand_right":{"frame":{"x":487,"y":0,"w":96,"h":192},"rotated":false,"trimmed":false,"spriteSourceSize":{"x":0,"y":0,"w":96,"h":192},"sourceSize":{"w":96,"h":192}},"dead_left_01":{"frame":{"x":194,"y":258,"w":32,"h":64},"rotated":false,"trimmed":false,"spriteSourceSize":{"x":0,"y":0,"w":32,"h":64},"sourceSize":{"w":32,"h":64}},"dead_right_01":{"frame":{"x":293,"y":193,"w":32,"h":64},"rotated":false,"trimmed":false,"spriteSourceSize":{"x":0,"y":0,"w":32,"h":64},"sourceSize":{"w":32,"h":64}},"enemy_attack_left_01":{"frame":{"x":260,"y":323,"w":32,"h":64},"rotated":false,"trimmed":false,"spriteSourceSize":{"x":0,"y":0,"w":32,"h":64},"sourceSize":{"w":32,"h":64}},"enemy_attack_left_02":{"frame":{"x":33,"y":451,"w":32,"h":64},"rotated":false,"trimmed":false,"spriteSourceSize":{"x":0,"y":0,"w":32,"h":64},"sourceSize":{"w":32,"h":64}},"enemy_attack_right_01":{"frame":{"x":33,"y":0,"w":32,"h":64},"rotated":false,"trimmed":false,"spriteSourceSize":{"x":0,"y":0,"w":32,"h":64},"sourceSize":{"w":32,"h":64}},"enemy_attack_right_02":{"frame":{"x":227,"y":258,"w":32,"h":64},"rotated":false,"trimmed":false,"spriteSourceSize":{"x":0,"y":0,"w":32,"h":64},"sourceSize":{"w":32,"h":64}},"enemy_idle_left_01":{"frame":{"x":293,"y":323,"w":32,"h":64},"rotated":false,"trimmed":false,"spriteSourceSize":{"x":0,"y":0,"w":32,"h":64},"sourceSize":{"w":32,"h":64}},"enemy_idle_left_02":{"frame":{"x":196,"y":193,"w":32,"h":64},"rotated":false,"trimmed":false,"spriteSourceSize":{"x":0,"y":0,"w":32,"h":64},"sourceSize":{"w":32,"h":64}},"enemy_idle_right_01":{"frame":{"x":99,"y":193,"w":32,"h":64},"rotated":false,"trimmed":false,"spriteSourceSize":{"x":0,"y":0,"w":32,"h":64},"sourceSize":{"w":32,"h":64}},"enemy_idle_right_02":{"frame":{"x":66,"y":451,"w":32,"h":64},"rotated":false,"trimmed":false,"spriteSourceSize":{"x":0,"y":0,"w":32,"h":64},"sourceSize":{"w":32,"h":64}},"enemy_stand_left":{"frame":{"x":231,"y":451,"w":32,"h":64},"rotated":false,"trimmed":false,"spriteSourceSize":{"x":0,"y":0,"w":32,"h":64},"sourceSize":{"w":32,"h":64}},"enemy_stand_right":{"frame":{"x":132,"y":451,"w":32,"h":64},"rotated":false,"trimmed":false,"spriteSourceSize":{"x":0,"y":0,"w":32,"h":64},"sourceSize":{"w":32,"h":64}},"fall_left_01":{"frame":{"x":326,"y":258,"w":32,"h":64},"rotated":false,"trimmed":false,"spriteSourceSize":{"x":0,"y":0,"w":32,"h":64},"sourceSize":{"w":32,"h":64}},"fall_left_02":{"frame":{"x":520,"y":386,"w":32,"h":64},"rotated":false,"trimmed":false,"spriteSourceSize":{"x":0,"y":0,"w":32,"h":64},"sourceSize":{"w":32,"h":64}},"fall_right_01":{"frame":{"x":293,"y":258,"w":32,"h":64},"rotated":false,"trimmed":false,"spriteSourceSize":{"x":0,"y":0,"w":32,"h":64},"sourceSize":{"w":32,"h":64}},"fall_right_02":{"frame":{"x":326,"y":323,"w":32,"h":64},"rotated":false,"trimmed":false,"spriteSourceSize":{"x":0,"y":0,"w":32,"h":64},"sourceSize":{"w":32,"h":64}},"idle_left_01":{"frame":{"x":66,"y":0,"w":32,"h":64},"rotated":false,"trimmed":false,"spriteSourceSize":{"x":0,"y":0,"w":32,"h":64},"sourceSize":{"w":32,"h":64}},"idle_left_02":{"frame":{"x":429,"y":451,"w":32,"h":64},"rotated":false,"trimmed":false,"spriteSourceSize":{"x":0,"y":0,"w":32,"h":64},"sourceSize":{"w":32,"h":64}},"idle_right_01":{"frame":{"x":0,"y":0,"w":32,"h":64},"rotated":false,"trimmed":false,"spriteSourceSize":{"x":0,"y":0,"w":32,"h":64},"sourceSize":{"w":32,"h":64}},"idle_right_02":{"frame":{"x":363,"y":451,"w":32,"h":64},"rotated":false,"trimmed":false,"spriteSourceSize":{"x":0,"y":0,"w":32,"h":64},"sourceSize":{"w":32,"h":64}},"jump_left_01":{"frame":{"x":260,"y":258,"w":32,"h":64},"rotated":false,"trimmed":false,"spriteSourceSize":{"x":0,"y":0,"w":32,"h":64},"sourceSize":{"w":32,"h":64}},"jump_left_02":{"frame":{"x":423,"y":386,"w":32,"h":64},"rotated":false,"trimmed":false,"spriteSourceSize":{"x":0,"y":0,"w":32,"h":64},"sourceSize":{"w":32,"h":64}},"jump_right_01":{"frame":{"x":264,"y":451,"w":32,"h":64},"rotated":false,"trimmed":false,"spriteSourceSize":{"x":0,"y":0,"w":32,"h":64},"sourceSize":{"w":32,"h":64}},"jump_right_02":{"frame":{"x":194,"y":323,"w":32,"h":64},"rotated":false,"trimmed":false,"spriteSourceSize":{"x":0,"y":0,"w":32,"h":64},"sourceSize":{"w":32,"h":64}},"platform":{"frame":{"x":194,"y":388,"w":32,"h":3},"rotated":false,"trimmed":false,"spriteSourceSize":{"x":0,"y":0,"w":32,"h":3},"sourceSize":{"w":32,"h":3}},"power_jump_left_01":{"frame":{"x":198,"y":451,"w":32,"h":64},"rotated":false,"trimmed":false,"spriteSourceSize":{"x":0,"y":0,"w":32,"h":64},"sourceSize":{"w":32,"h":64}},"power_jump_right_01":{"frame":{"x":297,"y":451,"w":32,"h":64},"rotated":false,"trimmed":false,"spriteSourceSize":{"x":0,"y":0,"w":32,"h":64},"sourceSize":{"w":32,"h":64}},"punch_left_01":{"frame":{"x":165,"y":451,"w":32,"h":64},"rotated":false,"trimmed":false,"spriteSourceSize":{"x":0,"y":0,"w":32,"h":64},"sourceSize":{"w":32,"h":64}},"punch_right_01":{"frame":{"x":132,"y":193,"w":32,"h":64},"rotated":false,"trimmed":false,"spriteSourceSize":{"x":0,"y":0,"w":32,"h":64},"sourceSize":{"w":32,"h":64}},"spikes":{"frame":{"x":194,"y":392,"w":32,"h":32},"rotated":false,"trimmed":false,"spriteSourceSize":{"x":0,"y":0,"w":32,"h":32},"sourceSize":{"w":32,"h":32}},"stand_left":{"frame":{"x":0,"y":451,"w":32,"h":64},"rotated":false,"trimmed":false,"spriteSourceSize":{"x":0,"y":0,"w":32,"h":64},"sourceSize":{"w":32,"h":64}},"stand_right":{"frame":{"x":390,"y":386,"w":32,"h":64},"rotated":false,"trimmed":false,"spriteSourceSize":{"x":0,"y":0,"w":32,"h":64},"sourceSize":{"w":32,"h":64}},"star":{"frame":{"x":194,"y":425,"w":24,"h":24},"rotated":false,"trimmed":false,"spriteSourceSize":{"x":0,"y":0,"w":24,"h":24},"sourceSize":{"w":24,"h":24}},"walk_left_01":{"frame":{"x":99,"y":451,"w":32,"h":64},"rotated":false,"trimmed":false,"spriteSourceSize":{"x":0,"y":0,"w":32,"h":64},"sourceSize":{"w":32,"h":64}},"walk_left_02":{"frame":{"x":330,"y":451,"w":32,"h":64},"rotated":false,"trimmed":false,"spriteSourceSize":{"x":0,"y":0,"w":32,"h":64},"sourceSize":{"w":32,"h":64}},"walk_left_03":{"frame":{"x":462,"y":451,"w":32,"h":64},"rotated":false,"trimmed":false,"spriteSourceSize":{"x":0,"y":0,"w":32,"h":64},"sourceSize":{"w":32,"h":64}},"walk_left_04":{"frame":{"x":227,"y":323,"w":32,"h":64},"rotated":false,"trimmed":false,"spriteSourceSize":{"x":0,"y":0,"w":32,"h":64},"sourceSize":{"w":32,"h":64}},"walk_right_01":{"frame":{"x":229,"y":193,"w":32,"h":64},"rotated":false,"trimmed":false,"spriteSourceSize":{"x":0,"y":0,"w":32,"h":64},"sourceSize":{"w":32,"h":64}},"walk_right_02":{"frame":{"x":396,"y":451,"w":32,"h":64},"rotated":false,"trimmed":false,"spriteSourceSize":{"x":0,"y":0,"w":32,"h":64},"sourceSize":{"w":32,"h":64}},"walk_right_03":{"frame":{"x":487,"y":386,"w":32,"h":64},"rotated":false,"trimmed":false,"spriteSourceSize":{"x":0,"y":0,"w":32,"h":64},"sourceSize":{"w":32,"h":64}},"walk_right_04":{"frame":{"x":326,"y":193,"w":32,"h":64},"rotated":false,"trimmed":false,"spriteSourceSize":{"x":0,"y":0,"w":32,"h":64},"sourceSize":{"w":32,"h":64}}},"meta":{"app":"https://www.leshylabs.com/apps/sstool/","version":"Leshy SpriteSheet Tool v0.8.4","image":"spritesheet.png","size":{"w":680,"h":515},"scale":1}}