{"platforms":[{"x":48,"y":752,"texture":"level1_block_middle"},{"x":16,"y":752,"texture":"level1_block_middle"},{"x":80,"y":752,"texture":"level1_block_middle"},{"x":112,"y":752,"texture":"level1_block_middle"},{"x":144,"y":752,"texture":"level1_block_middle"},{"x":176,"y":752,"texture":"level1_block_middle"},{"x":208,"y":752,"texture":"level1_block_middle"},{"x":240,"y":752,"texture":"level1_block_middle"},{"x":272,"y":752,"texture":"level1_block_middle"},{"x":304,"y":752,"texture":"level1_block_middle"},{"x":16,"y":112,"texture":"level1_block_middle"},{"x":48,"y":112,"texture":"level1_block_middle"},{"x":80,"y":112,"texture":"level1_block_middle"},{"x":112,"y":112,"texture":"level1_block_middle"},{"x":144,"y":112,"texture":"level1_block_middle"},{"x":496,"y":688,"texture":"level1_block_middle"},{"x":528,"y":688,"texture":"level1_block_middle"},{"x":560,"y":688,"texture":"level1_block_middle"},{"x":816,"y":592,"texture":"level1_block_middle"},{"x":784,"y":592,"texture":"level1_block_middle"},{"x":848,"y":592,"texture":"level1_block_middle"},{"x":880,"y":592,"texture":"level1_block_middle"},{"x":1072,"y":720,"texture":"level1_block_middle"},{"x":1104,"y":720,"texture":"level1_block_middle"},{"x":1136,"y":720,"texture":"level1_block_middle"},{"x":1168,"y":720,"texture":"level1_block_middle"},{"x":1456,"y":624,"texture":"level1_block_middle"},{"x":1424,"y":624,"texture":"level1_block_middle"},{"x":1488,"y":624,"texture":"level1_block_middle"},{"x":1520,"y":624,"texture":"level1_block_middle"},{"x":1552,"y":624,"texture":"level1_block_middle"},{"x":1904,"y":592,"texture":"level1_block_middle"},{"x":1936,"y":592,"texture":"level1_block_middle"},{"x":2160,"y":592,"texture":"level1_block_middle"},{"x":2128,"y":592,"texture":"level1_block_middle"},{"x":2576,"y":368,"texture":"level1_block_middle"},{"x":2608,"y":368,"texture":"level1_block_middle"},{"x":2640,"y":368,"texture":"level1_block_middle"},{"x":2864,"y":720,"texture":"level1_block_middle"},{"x":2928,"y":720,"texture":"level1_block_middle"},{"x":2896,"y":720,"texture":"level1_block_middle"},{"x":3248,"y":496,"texture":"level1_block_middle"},{"x":3280,"y":496,"texture":"level1_block_middle"},{"x":3312,"y":496,"texture":"level1_block_middle"},{"x":3632,"y":112,"texture":"level1_block_middle"},{"x":3664,"y":112,"texture":"level1_block_middle"},{"x":3568,"y":112,"texture":"level1_block_middle"},{"x":3600,"y":112,"texture":"level1_block_middle"},{"x":3696,"y":112,"texture":"level1_block_middle"},{"x":3696,"y":80,"texture":"level1_block_middle"},{"x":3696,"y":48,"texture":"level1_block_middle"},{"x":3696,"y":16,"texture":"level1_block_middle"},{"x":3312,"y":80,"texture":"level1_block_middle"},{"x":3280,"y":80,"texture":"level1_block_middle"},{"x":3344,"y":80,"texture":"level1_block_middle"},{"x":3248,"y":80,"texture":"level1_block_middle"},{"x":3024,"y":80,"texture":"level1_block_middle"},{"x":3056,"y":80,"texture":"level1_block_middle"},{"x":3088,"y":80,"texture":"level1_block_middle"},{"x":3120,"y":80,"texture":"level1_block_middle"},{"x":3152,"y":80,"texture":"level1_block_middle"},{"x":3184,"y":80,"texture":"level1_block_middle"},{"x":3216,"y":80,"texture":"level1_block_middle"},{"x":2992,"y":80,"texture":"level1_block_middle"},{"x":2960,"y":80,"texture":"level1_block_middle"},{"x":2928,"y":80,"texture":"level1_block_middle"},{"x":2896,"y":80,"texture":"level1_block_middle"},{"x":2800,"y":80,"texture":"level1_block_middle"},{"x":2768,"y":80,"texture":"level1_block_middle"},{"x":2672,"y":80,"texture":"level1_block_middle"},{"x":2576,"y":80,"texture":"level1_block_middle"},{"x":2608,"y":80,"texture":"level1_block_middle"},{"x":2640,"y":80,"texture":"level1_block_middle"},{"x":2704,"y":80,"texture":"level1_block_middle"},{"x":2736,"y":80,"texture":"level1_block_middle"},{"x":2832,"y":80,"texture":"level1_block_middle"},{"x":2864,"y":80,"texture":"level1_block_middle"},{"x":2544,"y":80,"texture":"level1_block_middle"},{"x":2416,"y":80,"texture":"level1_block_middle"},{"x":2448,"y":80,"texture":"level1_block_middle"},{"x":2480,"y":80,"texture":"level1_block_middle"},{"x":2512,"y":80,"texture":"level1_block_middle"},{"x":2384,"y":80,"texture":"level1_block_middle"},{"x":2352,"y":80,"texture":"level1_block_middle"},{"x":2320,"y":80,"texture":"level1_block_middle"},{"x":2192,"y":80,"texture":"level1_block_middle"},{"x":2224,"y":80,"texture":"level1_block_middle"},{"x":2256,"y":80,"texture":"level1_block_middle"},{"x":2288,"y":80,"texture":"level1_block_middle"},{"x":2160,"y":80,"texture":"level1_block_middle"},{"x":2128,"y":80,"texture":"level1_block_middle"},{"x":2096,"y":80,"texture":"level1_block_middle"},{"x":2000,"y":80,"texture":"level1_block_middle"},{"x":2032,"y":80,"texture":"level1_block_middle"},{"x":2064,"y":80,"texture":"level1_block_middle"},{"x":1968,"y":80,"texture":"level1_block_middle"},{"x":1936,"y":80,"texture":"level1_block_middle"},{"x":1904,"y":80,"texture":"level1_block_middle"},{"x":1872,"y":80,"texture":"level1_block_middle"},{"x":1840,"y":80,"texture":"level1_block_middle"},{"x":1808,"y":80,"texture":"level1_block_middle"},{"x":1680,"y":80,"texture":"level1_block_middle"},{"x":1712,"y":80,"texture":"level1_block_middle"},{"x":1744,"y":80,"texture":"level1_block_middle"},{"x":1776,"y":80,"texture":"level1_block_middle"},{"x":1648,"y":80,"texture":"level1_block_middle"},{"x":1616,"y":80,"texture":"level1_block_middle"},{"x":1584,"y":80,"texture":"level1_block_middle"},{"x":1552,"y":80,"texture":"level1_block_middle"},{"x":1392,"y":80,"texture":"level1_block_middle"},{"x":1424,"y":80,"texture":"level1_block_middle"},{"x":1456,"y":80,"texture":"level1_block_middle"},{"x":1488,"y":80,"texture":"level1_block_middle"},{"x":1520,"y":80,"texture":"level1_block_middle"},{"x":1360,"y":80,"texture":"level1_block_middle"},{"x":1296,"y":80,"texture":"level1_block_middle"},{"x":1264,"y":80,"texture":"level1_block_middle"},{"x":1232,"y":80,"texture":"level1_block_middle"},{"x":1136,"y":80,"texture":"level1_block_middle"},{"x":1168,"y":80,"texture":"level1_block_middle"},{"x":1200,"y":80,"texture":"level1_block_middle"},{"x":1328,"y":80,"texture":"level1_block_middle"},{"x":1104,"y":80,"texture":"level1_block_middle"},{"x":1072,"y":80,"texture":"level1_block_middle"},{"x":1040,"y":80,"texture":"level1_block_middle"},{"x":1008,"y":80,"texture":"level1_block_middle"},{"x":880,"y":80,"texture":"level1_block_middle"},{"x":912,"y":80,"texture":"level1_block_middle"},{"x":944,"y":80,"texture":"level1_block_middle"},{"x":976,"y":80,"texture":"level1_block_middle"},{"x":848,"y":80,"texture":"level1_block_middle"},{"x":816,"y":80,"texture":"level1_block_middle"},{"x":784,"y":80,"texture":"level1_block_middle"},{"x":592,"y":80,"texture":"level1_block_middle"},{"x":624,"y":80,"texture":"level1_block_middle"},{"x":656,"y":80,"texture":"level1_block_middle"},{"x":688,"y":80,"texture":"level1_block_middle"},{"x":720,"y":80,"texture":"level1_block_middle"},{"x":752,"y":80,"texture":"level1_block_middle"},{"x":560,"y":80,"texture":"level1_block_middle"},{"x":528,"y":80,"texture":"level1_block_middle"},{"x":496,"y":80,"texture":"level1_block_middle"},{"x":464,"y":80,"texture":"level1_block_middle"},{"x":432,"y":80,"texture":"level1_block_middle"},{"x":400,"y":80,"texture":"level1_block_middle"},{"x":368,"y":80,"texture":"level1_block_middle"},{"x":336,"y":80,"texture":"level1_block_middle"},{"x":336,"y":112,"texture":"level1_block_middle"},{"x":304,"y":112,"texture":"level1_block_middle"},{"x":272,"y":112,"texture":"level1_block_middle"},{"x":240,"y":112,"texture":"level1_block_middle"},{"x":208,"y":112,"texture":"level1_block_middle"},{"x":176,"y":112,"texture":"level1_block_middle"},{"x":336,"y":752,"texture":"level1_block_middle"},{"x":368,"y":752,"texture":"level1_block_middle"},{"x":400,"y":752,"texture":"level1_block_middle"},{"x":3760,"y":752,"texture":"level1_block_middle"},{"x":3760,"y":720,"texture":"level1_block_middle"},{"x":3760,"y":688,"texture":"level1_block_middle"},{"x":3760,"y":656,"texture":"level1_block_middle"},{"x":3760,"y":624,"texture":"level1_block_middle"},{"x":3760,"y":592,"texture":"level1_block_middle"},{"x":3760,"y":560,"texture":"level1_block_middle"},{"x":3760,"y":528,"texture":"level1_block_middle"},{"x":3760,"y":496,"texture":"level1_block_middle"},{"x":3760,"y":464,"texture":"level1_block_middle"},{"x":3760,"y":432,"texture":"level1_block_middle"},{"x":3760,"y":400,"texture":"level1_block_middle"},{"x":3760,"y":368,"texture":"level1_block_middle"},{"x":3760,"y":336,"texture":"level1_block_middle"},{"x":3760,"y":304,"texture":"level1_block_middle"},{"x":3760,"y":272,"texture":"level1_block_middle"},{"x":3760,"y":240,"texture":"level1_block_middle"},{"x":3760,"y":208,"texture":"level1_block_middle"},{"x":3760,"y":176,"texture":"level1_block_middle"},{"x":3760,"y":144,"texture":"level1_block_middle"},{"x":3760,"y":112,"texture":"level1_block_middle"},{"x":3728,"y":112,"texture":"level1_block_middle"}],"traps":[{"x":2928,"y":688,"texture":"level1_block_kill"},{"x":2896,"y":688,"texture":"level1_block_kill"},{"x":2864,"y":688,"texture":"level1_block_kill"},{"x":2640,"y":336,"texture":"level1_block_kill"},{"x":2608,"y":336,"texture":"level1_block_kill"},{"x":2576,"y":336,"texture":"level1_block_kill"},{"x":2160,"y":560,"texture":"level1_block_kill"},{"x":2128,"y":560,"texture":"level1_block_kill"},{"x":1904,"y":560,"texture":"level1_block_kill"},{"x":1936,"y":560,"texture":"level1_block_kill"},{"x":1552,"y":592,"texture":"level1_block_kill"},{"x":1520,"y":592,"texture":"level1_block_kill"},{"x":1488,"y":592,"texture":"level1_block_kill"},{"x":1456,"y":592,"texture":"level1_block_kill"},{"x":1424,"y":592,"texture":"level1_block_kill"},{"x":1136,"y":688,"texture":"level1_block_kill"},{"x":1104,"y":688,"texture":"level1_block_kill"},{"x":1072,"y":688,"texture":"level1_block_kill"},{"x":1168,"y":688,"texture":"level1_block_kill"},{"x":880,"y":560,"texture":"level1_block_kill"},{"x":848,"y":560,"texture":"level1_block_kill"},{"x":816,"y":560,"texture":"level1_block_kill"},{"x":784,"y":560,"texture":"level1_block_kill"},{"x":560,"y":656,"texture":"level1_block_kill"},{"x":528,"y":656,"texture":"level1_block_kill"},{"x":496,"y":656,"texture":"level1_block_kill"},{"x":464,"y":656,"texture":"level1_block_kill"},{"x":464,"y":752,"texture":"level1_block_lava"},{"x":464,"y":752,"texture":"level1_block_lava"},{"x":464,"y":752,"texture":"level1_block_lava"},{"x":464,"y":752,"texture":"level1_block_lava"},{"x":464,"y":752,"texture":"level1_block_lava"},{"x":464,"y":752,"texture":"level1_block_lava"},{"x":464,"y":752,"texture":"level1_block_lava"},{"x":432,"y":752,"texture":"level1_block_lava"},{"x":432,"y":752,"texture":"level1_block_lava"},{"x":432,"y":752,"texture":"level1_block_lava"},{"x":432,"y":752,"texture":"level1_block_lava"},{"x":432,"y":752,"texture":"level1_block_lava"},{"x":432,"y":752,"texture":"level1_block_lava"},{"x":432,"y":752,"texture":"level1_block_lava"},{"x":432,"y":752,"texture":"level1_block_lava"},{"x":432,"y":752,"texture":"level1_block_lava"},{"x":432,"y":752,"texture":"level1_block_lava"},{"x":432,"y":752,"texture":"level1_block_lava"},{"x":432,"y":752,"texture":"level1_block_lava"},{"x":432,"y":752,"texture":"level1_block_lava"},{"x":432,"y":752,"texture":"level1_block_lava"},{"x":432,"y":752,"texture":"level1_block_lava"},{"x":432,"y":752,"texture":"level1_block_lava"},{"x":432,"y":752,"texture":"level1_block_lava"},{"x":432,"y":752,"texture":"level1_block_lava"},{"x":432,"y":752,"texture":"level1_block_lava"},{"x":432,"y":752,"texture":"level1_block_lava"},{"x":432,"y":752,"texture":"level1_block_lava"},{"x":432,"y":752,"texture":"level1_block_lava"},{"x":432,"y":752,"texture":"level1_block_lava"},{"x":432,"y":752,"texture":"level1_block_lava"},{"x":432,"y":752,"texture":"level1_block_lava"},{"x":432,"y":752,"texture":"level1_block_lava"},{"x":432,"y":752,"texture":"level1_block_lava"},{"x":432,"y":752,"texture":"level1_block_lava"},{"x":432,"y":752,"texture":"level1_block_lava"},{"x":432,"y":752,"texture":"level1_block_lava"},{"x":432,"y":752,"texture":"level1_block_lava"},{"x":432,"y":752,"texture":"level1_block_lava"},{"x":432,"y":752,"texture":"level1_block_lava"},{"x":432,"y":752,"texture":"level1_block_lava"},{"x":432,"y":752,"texture":"level1_block_lava"},{"x":432,"y":752,"texture":"level1_block_lava"},{"x":464,"y":752,"texture":"level1_block_lava"},{"x":464,"y":752,"texture":"level1_block_lava"},{"x":464,"y":752,"texture":"level1_block_lava"},{"x":464,"y":752,"texture":"level1_block_lava"},{"x":496,"y":752,"texture":"level1_block_lava"},{"x":496,"y":752,"texture":"level1_block_lava"},{"x":496,"y":752,"texture":"level1_block_lava"},{"x":496,"y":752,"texture":"level1_block_lava"},{"x":784,"y":752,"texture":"level1_block_lava"},{"x":784,"y":752,"texture":"level1_block_lava"},{"x":784,"y":752,"texture":"level1_block_lava"},{"x":784,"y":752,"texture":"level1_block_lava"},{"x":784,"y":752,"texture":"level1_block_lava"},{"x":816,"y":752,"texture":"level1_block_lava"},{"x":816,"y":752,"texture":"level1_block_lava"},{"x":816,"y":752,"texture":"level1_block_lava"},{"x":816,"y":752,"texture":"level1_block_lava"},{"x":816,"y":752,"texture":"level1_block_lava"},{"x":816,"y":752,"texture":"level1_block_lava"},{"x":816,"y":752,"texture":"level1_block_lava"},{"x":816,"y":752,"texture":"level1_block_lava"},{"x":816,"y":752,"texture":"level1_block_lava"},{"x":816,"y":752,"texture":"level1_block_lava"},{"x":816,"y":752,"texture":"level1_block_lava"},{"x":816,"y":752,"texture":"level1_block_lava"},{"x":816,"y":752,"texture":"level1_block_lava"},{"x":816,"y":752,"texture":"level1_block_lava"},{"x":816,"y":752,"texture":"level1_block_lava"},{"x":816,"y":752,"texture":"level1_block_lava"},{"x":816,"y":752,"texture":"level1_block_lava"},{"x":816,"y":752,"texture":"level1_block_lava"},{"x":816,"y":752,"texture":"level1_block_lava"},{"x":816,"y":752,"texture":"level1_block_lava"},{"x":816,"y":752,"texture":"level1_block_lava"},{"x":816,"y":752,"texture":"level1_block_lava"},{"x":816,"y":752,"texture":"level1_block_lava"},{"x":816,"y":752,"texture":"level1_block_lava"},{"x":816,"y":752,"texture":"level1_block_lava"},{"x":816,"y":752,"texture":"level1_block_lava"},{"x":816,"y":752,"texture":"level1_block_lava"},{"x":816,"y":752,"texture":"level1_block_lava"},{"x":816,"y":752,"texture":"level1_block_lava"},{"x":816,"y":752,"texture":"level1_block_lava"},{"x":816,"y":752,"texture":"level1_block_lava"},{"x":784,"y":752,"texture":"level1_block_lava"},{"x":784,"y":752,"texture":"level1_block_lava"},{"x":784,"y":752,"texture":"level1_block_lava"},{"x":784,"y":752,"texture":"level1_block_lava"},{"x":784,"y":752,"texture":"level1_block_lava"},{"x":784,"y":752,"texture":"level1_block_lava"},{"x":784,"y":752,"texture":"level1_block_lava"},{"x":784,"y":752,"texture":"level1_block_lava"},{"x":784,"y":752,"texture":"level1_block_lava"},{"x":784,"y":752,"texture":"level1_block_lava"},{"x":784,"y":752,"texture":"level1_block_lava"},{"x":784,"y":752,"texture":"level1_block_lava"},{"x":784,"y":752,"texture":"level1_block_lava"},{"x":784,"y":752,"texture":"level1_block_lava"},{"x":784,"y":752,"texture":"level1_block_lava"},{"x":784,"y":752,"texture":"level1_block_lava"},{"x":784,"y":752,"texture":"level1_block_lava"},{"x":784,"y":752,"texture":"level1_block_lava"},{"x":784,"y":752,"texture":"level1_block_lava"},{"x":784,"y":752,"texture":"level1_block_lava"},{"x":752,"y":752,"texture":"level1_block_lava"},{"x":752,"y":752,"texture":"level1_block_lava"},{"x":752,"y":752,"texture":"level1_block_lava"},{"x":752,"y":752,"texture":"level1_block_lava"},{"x":752,"y":752,"texture":"level1_block_lava"},{"x":752,"y":752,"texture":"level1_block_lava"},{"x":752,"y":752,"texture":"level1_block_lava"},{"x":752,"y":752,"texture":"level1_block_lava"},{"x":752,"y":752,"texture":"level1_block_lava"},{"x":752,"y":752,"texture":"level1_block_lava"},{"x":752,"y":752,"texture":"level1_block_lava"},{"x":752,"y":752,"texture":"level1_block_lava"},{"x":752,"y":752,"texture":"level1_block_lava"},{"x":752,"y":752,"texture":"level1_block_lava"},{"x":752,"y":752,"texture":"level1_block_lava"},{"x":752,"y":752,"texture":"level1_block_lava"},{"x":752,"y":752,"texture":"level1_block_lava"},{"x":752,"y":752,"texture":"level1_block_lava"},{"x":752,"y":752,"texture":"level1_block_lava"},{"x":752,"y":752,"texture":"level1_block_lava"},{"x":752,"y":752,"texture":"level1_block_lava"},{"x":752,"y":752,"texture":"level1_block_lava"},{"x":752,"y":752,"texture":"level1_block_lava"},{"x":752,"y":752,"texture":"level1_block_lava"},{"x":752,"y":752,"texture":"level1_block_lava"},{"x":752,"y":752,"texture":"level1_block_lava"},{"x":752,"y":752,"texture":"level1_block_lava"},{"x":752,"y":752,"texture":"level1_block_lava"},{"x":752,"y":752,"texture":"level1_block_lava"},{"x":752,"y":752,"texture":"level1_block_lava"},{"x":752,"y":752,"texture":"level1_block_lava"},{"x":720,"y":752,"texture":"level1_block_lava"},{"x":720,"y":752,"texture":"level1_block_lava"},{"x":720,"y":752,"texture":"level1_block_lava"},{"x":720,"y":752,"texture":"level1_block_lava"},{"x":720,"y":752,"texture":"level1_block_lava"},{"x":720,"y":752,"texture":"level1_block_lava"},{"x":720,"y":752,"texture":"level1_block_lava"},{"x":720,"y":752,"texture":"level1_block_lava"},{"x":720,"y":752,"texture":"level1_block_lava"},{"x":720,"y":752,"texture":"level1_block_lava"},{"x":720,"y":752,"texture":"level1_block_lava"},{"x":720,"y":752,"texture":"level1_block_lava"},{"x":720,"y":752,"texture":"level1_block_lava"},{"x":720,"y":752,"texture":"level1_block_lava"},{"x":720,"y":752,"texture":"level1_block_lava"},{"x":720,"y":752,"texture":"level1_block_lava"},{"x":720,"y":752,"texture":"level1_block_lava"},{"x":720,"y":752,"texture":"level1_block_lava"},{"x":720,"y":752,"texture":"level1_block_lava"},{"x":720,"y":752,"texture":"level1_block_lava"},{"x":720,"y":752,"texture":"level1_block_lava"},{"x":720,"y":752,"texture":"level1_block_lava"},{"x":720,"y":752,"texture":"level1_block_lava"},{"x":720,"y":752,"texture":"level1_block_lava"},{"x":720,"y":752,"texture":"level1_block_lava"},{"x":720,"y":752,"texture":"level1_block_lava"},{"x":688,"y":752,"texture":"level1_block_lava"},{"x":688,"y":752,"texture":"level1_block_lava"},{"x":688,"y":752,"texture":"level1_block_lava"},{"x":688,"y":752,"texture":"level1_block_lava"},{"x":688,"y":752,"texture":"level1_block_lava"},{"x":688,"y":752,"texture":"level1_block_lava"},{"x":688,"y":752,"texture":"level1_block_lava"},{"x":688,"y":752,"texture":"level1_block_lava"},{"x":688,"y":752,"texture":"level1_block_lava"},{"x":688,"y":752,"texture":"level1_block_lava"},{"x":688,"y":752,"texture":"level1_block_lava"},{"x":688,"y":752,"texture":"level1_block_lava"},{"x":688,"y":752,"texture":"level1_block_lava"},{"x":688,"y":752,"texture":"level1_block_lava"},{"x":688,"y":752,"texture":"level1_block_lava"},{"x":688,"y":752,"texture":"level1_block_lava"},{"x":688,"y":752,"texture":"level1_block_lava"},{"x":688,"y":752,"texture":"level1_block_lava"},{"x":688,"y":752,"texture":"level1_block_lava"},{"x":688,"y":752,"texture":"level1_block_lava"},{"x":688,"y":752,"texture":"level1_block_lava"},{"x":656,"y":752,"texture":"level1_block_lava"},{"x":656,"y":752,"texture":"level1_block_lava"},{"x":656,"y":752,"texture":"level1_block_lava"},{"x":656,"y":752,"texture":"level1_block_lava"},{"x":656,"y":752,"texture":"level1_block_lava"},{"x":656,"y":752,"texture":"level1_block_lava"},{"x":656,"y":752,"texture":"level1_block_lava"},{"x":656,"y":752,"texture":"level1_block_lava"},{"x":656,"y":752,"texture":"level1_block_lava"},{"x":656,"y":752,"texture":"level1_block_lava"},{"x":656,"y":752,"texture":"level1_block_lava"},{"x":656,"y":752,"texture":"level1_block_lava"},{"x":656,"y":752,"texture":"level1_block_lava"},{"x":656,"y":752,"texture":"level1_block_lava"},{"x":656,"y":752,"texture":"level1_block_lava"},{"x":656,"y":752,"texture":"level1_block_lava"},{"x":656,"y":752,"texture":"level1_block_lava"},{"x":656,"y":752,"texture":"level1_block_lava"},{"x":656,"y":752,"texture":"level1_block_lava"},{"x":656,"y":752,"texture":"level1_block_lava"},{"x":656,"y":752,"texture":"level1_block_lava"},{"x":656,"y":752,"texture":"level1_block_lava"},{"x":656,"y":752,"texture":"level1_block_lava"},{"x":656,"y":752,"texture":"level1_block_lava"},{"x":656,"y":752,"texture":"level1_block_lava"},{"x":656,"y":752,"texture":"level1_block_lava"},{"x":656,"y":752,"texture":"level1_block_lava"},{"x":656,"y":752,"texture":"level1_block_lava"},{"x":656,"y":752,"texture":"level1_block_lava"},{"x":656,"y":752,"texture":"level1_block_lava"},{"x":656,"y":752,"texture":"level1_block_lava"},{"x":656,"y":752,"texture":"level1_block_lava"},{"x":624,"y":752,"texture":"level1_block_lava"},{"x":624,"y":752,"texture":"level1_block_lava"},{"x":624,"y":752,"texture":"level1_block_lava"},{"x":624,"y":752,"texture":"level1_block_lava"},{"x":624,"y":752,"texture":"level1_block_lava"},{"x":624,"y":752,"texture":"level1_block_lava"},{"x":624,"y":752,"texture":"level1_block_lava"},{"x":624,"y":752,"texture":"level1_block_lava"},{"x":624,"y":752,"texture":"level1_block_lava"},{"x":624,"y":752,"texture":"level1_block_lava"},{"x":624,"y":752,"texture":"level1_block_lava"},{"x":624,"y":752,"texture":"level1_block_lava"},{"x":624,"y":752,"texture":"level1_block_lava"},{"x":624,"y":752,"texture":"level1_block_lava"},{"x":624,"y":752,"texture":"level1_block_lava"},{"x":624,"y":752,"texture":"level1_block_lava"},{"x":624,"y":752,"texture":"level1_block_lava"},{"x":624,"y":752,"texture":"level1_block_lava"},{"x":624,"y":752,"texture":"level1_block_lava"},{"x":592,"y":752,"texture":"level1_block_lava"},{"x":592,"y":752,"texture":"level1_block_lava"},{"x":592,"y":752,"texture":"level1_block_lava"},{"x":592,"y":752,"texture":"level1_block_lava"},{"x":592,"y":752,"texture":"level1_block_lava"},{"x":592,"y":752,"texture":"level1_block_lava"},{"x":592,"y":752,"texture":"level1_block_lava"},{"x":592,"y":752,"texture":"level1_block_lava"},{"x":592,"y":752,"texture":"level1_block_lava"},{"x":592,"y":752,"texture":"level1_block_lava"},{"x":592,"y":752,"texture":"level1_block_lava"},{"x":592,"y":752,"texture":"level1_block_lava"},{"x":592,"y":752,"texture":"level1_block_lava"},{"x":592,"y":752,"texture":"level1_block_lava"},{"x":592,"y":752,"texture":"level1_block_lava"},{"x":592,"y":752,"texture":"level1_block_lava"},{"x":592,"y":752,"texture":"level1_block_lava"},{"x":592,"y":752,"texture":"level1_block_lava"},{"x":592,"y":752,"texture":"level1_block_lava"},{"x":592,"y":752,"texture":"level1_block_lava"},{"x":560,"y":752,"texture":"level1_block_lava"},{"x":560,"y":752,"texture":"level1_block_lava"},{"x":560,"y":752,"texture":"level1_block_lava"},{"x":560,"y":752,"texture":"level1_block_lava"},{"x":560,"y":752,"texture":"level1_block_lava"},{"x":560,"y":752,"texture":"level1_block_lava"},{"x":560,"y":752,"texture":"level1_block_lava"},{"x":560,"y":752,"texture":"level1_block_lava"},{"x":560,"y":752,"texture":"level1_block_lava"},{"x":560,"y":752,"texture":"level1_block_lava"},{"x":560,"y":752,"texture":"level1_block_lava"},{"x":560,"y":752,"texture":"level1_block_lava"},{"x":560,"y":752,"texture":"level1_block_lava"},{"x":560,"y":752,"texture":"level1_block_lava"},{"x":560,"y":752,"texture":"level1_block_lava"},{"x":560,"y":752,"texture":"level1_block_lava"},{"x":560,"y":752,"texture":"level1_block_lava"},{"x":560,"y":752,"texture":"level1_block_lava"},{"x":560,"y":752,"texture":"level1_block_lava"},{"x":560,"y":752,"texture":"level1_block_lava"},{"x":560,"y":752,"texture":"level1_block_lava"},{"x":560,"y":752,"texture":"level1_block_lava"},{"x":560,"y":752,"texture":"level1_block_lava"},{"x":528,"y":752,"texture":"level1_block_lava"},{"x":528,"y":752,"texture":"level1_block_lava"},{"x":528,"y":752,"texture":"level1_block_lava"},{"x":528,"y":752,"texture":"level1_block_lava"},{"x":528,"y":752,"texture":"level1_block_lava"},{"x":528,"y":752,"texture":"level1_block_lava"},{"x":528,"y":752,"texture":"level1_block_lava"},{"x":528,"y":752,"texture":"level1_block_lava"},{"x":528,"y":752,"texture":"level1_block_lava"},{"x":528,"y":752,"texture":"level1_block_lava"},{"x":528,"y":752,"texture":"level1_block_lava"},{"x":528,"y":752,"texture":"level1_block_lava"},{"x":528,"y":752,"texture":"level1_block_lava"},{"x":528,"y":752,"texture":"level1_block_lava"},{"x":528,"y":752,"texture":"level1_block_lava"},{"x":528,"y":752,"texture":"level1_block_lava"},{"x":528,"y":752,"texture":"level1_block_lava"},{"x":528,"y":752,"texture":"level1_block_lava"},{"x":528,"y":752,"texture":"level1_block_lava"},{"x":528,"y":752,"texture":"level1_block_lava"},{"x":528,"y":752,"texture":"level1_block_lava"},{"x":528,"y":752,"texture":"level1_block_lava"},{"x":528,"y":752,"texture":"level1_block_lava"},{"x":528,"y":752,"texture":"level1_block_lava"},{"x":528,"y":752,"texture":"level1_block_lava"},{"x":528,"y":752,"texture":"level1_block_lava"},{"x":528,"y":752,"texture":"level1_block_lava"},{"x":528,"y":752,"texture":"level1_block_lava"},{"x":528,"y":752,"texture":"level1_block_lava"},{"x":528,"y":752,"texture":"level1_block_lava"},{"x":528,"y":752,"texture":"level1_block_lava"},{"x":528,"y":752,"texture":"level1_block_lava"},{"x":528,"y":752,"texture":"level1_block_lava"},{"x":528,"y":752,"texture":"level1_block_lava"},{"x":528,"y":752,"texture":"level1_block_lava"},{"x":528,"y":752,"texture":"level1_block_lava"},{"x":528,"y":752,"texture":"level1_block_lava"},{"x":528,"y":752,"texture":"level1_block_lava"},{"x":528,"y":752,"texture":"level1_block_lava"},{"x":528,"y":752,"texture":"level1_block_lava"},{"x":528,"y":752,"texture":"level1_block_lava"},{"x":528,"y":752,"texture":"level1_block_lava"},{"x":528,"y":752,"texture":"level1_block_lava"},{"x":528,"y":752,"texture":"level1_block_lava"},{"x":528,"y":752,"texture":"level1_block_lava"},{"x":560,"y":752,"texture":"level1_block_lava"},{"x":560,"y":752,"texture":"level1_block_lava"},{"x":560,"y":752,"texture":"level1_block_lava"},{"x":560,"y":752,"texture":"level1_block_lava"},{"x":560,"y":752,"texture":"level1_block_lava"},{"x":560,"y":752,"texture":"level1_block_lava"},{"x":560,"y":752,"texture":"level1_block_lava"},{"x":560,"y":752,"texture":"level1_block_lava"},{"x":560,"y":752,"texture":"level1_block_lava"},{"x":560,"y":752,"texture":"level1_block_lava"},{"x":560,"y":752,"texture":"level1_block_lava"},{"x":560,"y":752,"texture":"level1_block_lava"},{"x":592,"y":752,"texture":"level1_block_lava"},{"x":592,"y":752,"texture":"level1_block_lava"},{"x":592,"y":752,"texture":"level1_block_lava"},{"x":592,"y":752,"texture":"level1_block_lava"},{"x":592,"y":752,"texture":"level1_block_lava"},{"x":592,"y":752,"texture":"level1_block_lava"},{"x":592,"y":752,"texture":"level1_block_lava"},{"x":592,"y":752,"texture":"level1_block_lava"},{"x":592,"y":752,"texture":"level1_block_lava"},{"x":592,"y":752,"texture":"level1_block_lava"},{"x":592,"y":752,"texture":"level1_block_lava"},{"x":656,"y":752,"texture":"level1_block_lava"},{"x":656,"y":752,"texture":"level1_block_lava"},{"x":656,"y":752,"texture":"level1_block_lava"},{"x":656,"y":752,"texture":"level1_block_lava"},{"x":656,"y":752,"texture":"level1_block_lava"},{"x":656,"y":752,"texture":"level1_block_lava"},{"x":656,"y":752,"texture":"level1_block_lava"},{"x":656,"y":752,"texture":"level1_block_lava"},{"x":656,"y":752,"texture":"level1_block_lava"},{"x":656,"y":752,"texture":"level1_block_lava"},{"x":656,"y":752,"texture":"level1_block_lava"},{"x":656,"y":752,"texture":"level1_block_lava"},{"x":688,"y":752,"texture":"level1_block_lava"},{"x":688,"y":752,"texture":"level1_block_lava"},{"x":688,"y":752,"texture":"level1_block_lava"},{"x":688,"y":752,"texture":"level1_block_lava"},{"x":688,"y":752,"texture":"level1_block_lava"},{"x":688,"y":752,"texture":"level1_block_lava"},{"x":688,"y":752,"texture":"level1_block_lava"},{"x":688,"y":752,"texture":"level1_block_lava"},{"x":688,"y":752,"texture":"level1_block_lava"},{"x":688,"y":752,"texture":"level1_block_lava"},{"x":688,"y":752,"texture":"level1_block_lava"},{"x":688,"y":752,"texture":"level1_block_lava"},{"x":688,"y":752,"texture":"level1_block_lava"},{"x":688,"y":752,"texture":"level1_block_lava"},{"x":688,"y":752,"texture":"level1_block_lava"},{"x":688,"y":752,"texture":"level1_block_lava"},{"x":688,"y":752,"texture":"level1_block_lava"},{"x":688,"y":752,"texture":"level1_block_lava"},{"x":784,"y":752,"texture":"level1_block_lava"},{"x":784,"y":752,"texture":"level1_block_lava"},{"x":784,"y":752,"texture":"level1_block_lava"},{"x":784,"y":752,"texture":"level1_block_lava"},{"x":784,"y":752,"texture":"level1_block_lava"},{"x":784,"y":752,"texture":"level1_block_lava"},{"x":784,"y":752,"texture":"level1_block_lava"},{"x":784,"y":752,"texture":"level1_block_lava"},{"x":784,"y":752,"texture":"level1_block_lava"},{"x":784,"y":752,"texture":"level1_block_lava"},{"x":784,"y":752,"texture":"level1_block_lava"},{"x":784,"y":752,"texture":"level1_block_lava"},{"x":784,"y":752,"texture":"level1_block_lava"},{"x":784,"y":752,"texture":"level1_block_lava"},{"x":784,"y":752,"texture":"level1_block_lava"},{"x":784,"y":752,"texture":"level1_block_lava"},{"x":784,"y":752,"texture":"level1_block_lava"},{"x":784,"y":752,"texture":"level1_block_lava"},{"x":784,"y":752,"texture":"level1_block_lava"},{"x":784,"y":752,"texture":"level1_block_lava"},{"x":784,"y":752,"texture":"level1_block_lava"},{"x":784,"y":752,"texture":"level1_block_lava"},{"x":784,"y":752,"texture":"level1_block_lava"},{"x":784,"y":752,"texture":"level1_block_lava"},{"x":816,"y":752,"texture":"level1_block_lava"},{"x":816,"y":752,"texture":"level1_block_lava"},{"x":816,"y":752,"texture":"level1_block_lava"},{"x":816,"y":752,"texture":"level1_block_lava"},{"x":816,"y":752,"texture":"level1_block_lava"},{"x":816,"y":752,"texture":"level1_block_lava"},{"x":816,"y":752,"texture":"level1_block_lava"},{"x":816,"y":752,"texture":"level1_block_lava"},{"x":816,"y":752,"texture":"level1_block_lava"},{"x":816,"y":752,"texture":"level1_block_lava"},{"x":816,"y":752,"texture":"level1_block_lava"},{"x":816,"y":752,"texture":"level1_block_lava"},{"x":816,"y":752,"texture":"level1_block_lava"},{"x":848,"y":752,"texture":"level1_block_lava"},{"x":848,"y":752,"texture":"level1_block_lava"},{"x":848,"y":752,"texture":"level1_block_lava"},{"x":848,"y":752,"texture":"level1_block_lava"},{"x":848,"y":752,"texture":"level1_block_lava"},{"x":848,"y":752,"texture":"level1_block_lava"},{"x":848,"y":752,"texture":"level1_block_lava"},{"x":848,"y":752,"texture":"level1_block_lava"},{"x":848,"y":752,"texture":"level1_block_lava"},{"x":848,"y":752,"texture":"level1_block_lava"},{"x":848,"y":752,"texture":"level1_block_lava"},{"x":848,"y":752,"texture":"level1_block_lava"},{"x":848,"y":752,"texture":"level1_block_lava"},{"x":848,"y":752,"texture":"level1_block_lava"},{"x":848,"y":752,"texture":"level1_block_lava"},{"x":848,"y":752,"texture":"level1_block_lava"},{"x":848,"y":752,"texture":"level1_block_lava"},{"x":848,"y":752,"texture":"level1_block_lava"},{"x":848,"y":752,"texture":"level1_block_lava"},{"x":848,"y":752,"texture":"level1_block_lava"},{"x":848,"y":752,"texture":"level1_block_lava"},{"x":880,"y":752,"texture":"level1_block_lava"},{"x":880,"y":752,"texture":"level1_block_lava"},{"x":880,"y":752,"texture":"level1_block_lava"},{"x":880,"y":752,"texture":"level1_block_lava"},{"x":912,"y":752,"texture":"level1_block_lava"},{"x":1072,"y":752,"texture":"level1_block_lava"},{"x":1072,"y":752,"texture":"level1_block_lava"},{"x":1072,"y":752,"texture":"level1_block_lava"},{"x":1072,"y":752,"texture":"level1_block_lava"},{"x":1072,"y":752,"texture":"level1_block_lava"},{"x":1072,"y":752,"texture":"level1_block_lava"},{"x":1072,"y":752,"texture":"level1_block_lava"},{"x":1072,"y":752,"texture":"level1_block_lava"},{"x":1072,"y":752,"texture":"level1_block_lava"},{"x":1072,"y":752,"texture":"level1_block_lava"},{"x":1072,"y":752,"texture":"level1_block_lava"},{"x":1072,"y":752,"texture":"level1_block_lava"},{"x":1072,"y":752,"texture":"level1_block_lava"},{"x":1072,"y":752,"texture":"level1_block_lava"},{"x":1072,"y":752,"texture":"level1_block_lava"},{"x":1072,"y":752,"texture":"level1_block_lava"},{"x":1072,"y":752,"texture":"level1_block_lava"},{"x":1072,"y":752,"texture":"level1_block_lava"},{"x":1072,"y":752,"texture":"level1_block_lava"},{"x":1104,"y":752,"texture":"level1_block_lava"},{"x":1104,"y":752,"texture":"level1_block_lava"},{"x":1104,"y":752,"texture":"level1_block_lava"},{"x":1104,"y":752,"texture":"level1_block_lava"},{"x":1072,"y":752,"texture":"level1_block_lava"},{"x":1072,"y":752,"texture":"level1_block_lava"},{"x":1072,"y":752,"texture":"level1_block_lava"},{"x":1072,"y":752,"texture":"level1_block_lava"},{"x":1072,"y":752,"texture":"level1_block_lava"},{"x":1072,"y":752,"texture":"level1_block_lava"},{"x":1072,"y":752,"texture":"level1_block_lava"},{"x":1040,"y":752,"texture":"level1_block_lava"},{"x":1040,"y":752,"texture":"level1_block_lava"},{"x":1008,"y":752,"texture":"level1_block_lava"},{"x":1008,"y":752,"texture":"level1_block_lava"},{"x":1008,"y":752,"texture":"level1_block_lava"},{"x":1008,"y":752,"texture":"level1_block_lava"},{"x":1008,"y":752,"texture":"level1_block_lava"},{"x":976,"y":752,"texture":"level1_block_lava"},{"x":976,"y":752,"texture":"level1_block_lava"},{"x":976,"y":752,"texture":"level1_block_lava"},{"x":976,"y":752,"texture":"level1_block_lava"},{"x":976,"y":752,"texture":"level1_block_lava"},{"x":976,"y":752,"texture":"level1_block_lava"},{"x":976,"y":752,"texture":"level1_block_lava"},{"x":976,"y":752,"texture":"level1_block_lava"},{"x":976,"y":752,"texture":"level1_block_lava"},{"x":976,"y":752,"texture":"level1_block_lava"},{"x":976,"y":752,"texture":"level1_block_lava"},{"x":976,"y":752,"texture":"level1_block_lava"},{"x":976,"y":752,"texture":"level1_block_lava"},{"x":976,"y":752,"texture":"level1_block_lava"},{"x":944,"y":752,"texture":"level1_block_lava"},{"x":944,"y":752,"texture":"level1_block_lava"},{"x":944,"y":752,"texture":"level1_block_lava"},{"x":944,"y":752,"texture":"level1_block_lava"},{"x":944,"y":752,"texture":"level1_block_lava"},{"x":944,"y":752,"texture":"level1_block_lava"},{"x":944,"y":752,"texture":"level1_block_lava"},{"x":944,"y":752,"texture":"level1_block_lava"},{"x":944,"y":752,"texture":"level1_block_lava"},{"x":944,"y":752,"texture":"level1_block_lava"},{"x":944,"y":752,"texture":"level1_block_lava"},{"x":944,"y":752,"texture":"level1_block_lava"},{"x":944,"y":752,"texture":"level1_block_lava"},{"x":944,"y":752,"texture":"level1_block_lava"},{"x":944,"y":752,"texture":"level1_block_lava"},{"x":944,"y":752,"texture":"level1_block_lava"},{"x":944,"y":752,"texture":"level1_block_lava"},{"x":944,"y":752,"texture":"level1_block_lava"},{"x":944,"y":752,"texture":"level1_block_lava"},{"x":944,"y":752,"texture":"level1_block_lava"},{"x":944,"y":752,"texture":"level1_block_lava"},{"x":944,"y":752,"texture":"level1_block_lava"},{"x":944,"y":752,"texture":"level1_block_lava"},{"x":944,"y":752,"texture":"level1_block_lava"},{"x":944,"y":752,"texture":"level1_block_lava"},{"x":912,"y":752,"texture":"level1_block_lava"},{"x":912,"y":752,"texture":"level1_block_lava"},{"x":912,"y":752,"texture":"level1_block_lava"},{"x":912,"y":752,"texture":"level1_block_lava"},{"x":912,"y":752,"texture":"level1_block_lava"},{"x":912,"y":752,"texture":"level1_block_lava"},{"x":912,"y":752,"texture":"level1_block_lava"},{"x":912,"y":752,"texture":"level1_block_lava"},{"x":912,"y":752,"texture":"level1_block_lava"},{"x":912,"y":752,"texture":"level1_block_lava"},{"x":912,"y":752,"texture":"level1_block_lava"},{"x":912,"y":752,"texture":"level1_block_lava"},{"x":912,"y":752,"texture":"level1_block_lava"},{"x":912,"y":752,"texture":"level1_block_lava"},{"x":912,"y":752,"texture":"level1_block_lava"},{"x":912,"y":752,"texture":"level1_block_lava"},{"x":912,"y":752,"texture":"level1_block_lava"},{"x":912,"y":752,"texture":"level1_block_lava"},{"x":912,"y":752,"texture":"level1_block_lava"},{"x":912,"y":752,"texture":"level1_block_lava"},{"x":912,"y":752,"texture":"level1_block_lava"},{"x":912,"y":752,"texture":"level1_block_lava"},{"x":912,"y":752,"texture":"level1_block_lava"},{"x":912,"y":752,"texture":"level1_block_lava"},{"x":912,"y":752,"texture":"level1_block_lava"},{"x":912,"y":752,"texture":"level1_block_lava"},{"x":912,"y":752,"texture":"level1_block_lava"},{"x":912,"y":752,"texture":"level1_block_lava"},{"x":912,"y":752,"texture":"level1_block_lava"},{"x":912,"y":752,"texture":"level1_block_lava"},{"x":912,"y":752,"texture":"level1_block_lava"},{"x":912,"y":752,"texture":"level1_block_lava"},{"x":912,"y":752,"texture":"level1_block_lava"},{"x":912,"y":752,"texture":"level1_block_lava"},{"x":912,"y":752,"texture":"level1_block_lava"},{"x":912,"y":752,"texture":"level1_block_lava"},{"x":912,"y":752,"texture":"level1_block_lava"},{"x":912,"y":752,"texture":"level1_block_lava"},{"x":912,"y":752,"texture":"level1_block_lava"},{"x":912,"y":752,"texture":"level1_block_lava"},{"x":912,"y":752,"texture":"level1_block_lava"},{"x":912,"y":752,"texture":"level1_block_lava"},{"x":912,"y":752,"texture":"level1_block_lava"},{"x":912,"y":752,"texture":"level1_block_lava"},{"x":912,"y":752,"texture":"level1_block_lava"},{"x":944,"y":752,"texture":"level1_block_lava"},{"x":944,"y":752,"texture":"level1_block_lava"},{"x":944,"y":752,"texture":"level1_block_lava"},{"x":944,"y":752,"texture":"level1_block_lava"},{"x":944,"y":752,"texture":"level1_block_lava"},{"x":944,"y":752,"texture":"level1_block_lava"},{"x":944,"y":752,"texture":"level1_block_lava"},{"x":944,"y":752,"texture":"level1_block_lava"},{"x":944,"y":752,"texture":"level1_block_lava"},{"x":944,"y":752,"texture":"level1_block_lava"},{"x":944,"y":752,"texture":"level1_block_lava"},{"x":944,"y":752,"texture":"level1_block_lava"},{"x":976,"y":752,"texture":"level1_block_lava"},{"x":976,"y":752,"texture":"level1_block_lava"},{"x":976,"y":752,"texture":"level1_block_lava"},{"x":976,"y":752,"texture":"level1_block_lava"},{"x":976,"y":752,"texture":"level1_block_lava"},{"x":976,"y":752,"texture":"level1_block_lava"},{"x":976,"y":752,"texture":"level1_block_lava"},{"x":976,"y":752,"texture":"level1_block_lava"},{"x":976,"y":752,"texture":"level1_block_lava"},{"x":976,"y":752,"texture":"level1_block_lava"},{"x":976,"y":752,"texture":"level1_block_lava"},{"x":1008,"y":752,"texture":"level1_block_lava"},{"x":1008,"y":752,"texture":"level1_block_lava"},{"x":1008,"y":752,"texture":"level1_block_lava"},{"x":1008,"y":752,"texture":"level1_block_lava"},{"x":1008,"y":752,"texture":"level1_block_lava"},{"x":1008,"y":752,"texture":"level1_block_lava"},{"x":1008,"y":752,"texture":"level1_block_lava"},{"x":1008,"y":752,"texture":"level1_block_lava"},{"x":1008,"y":752,"texture":"level1_block_lava"},{"x":1008,"y":752,"texture":"level1_block_lava"},{"x":1008,"y":752,"texture":"level1_block_lava"},{"x":1040,"y":752,"texture":"level1_block_lava"},{"x":1040,"y":752,"texture":"level1_block_lava"},{"x":1040,"y":752,"texture":"level1_block_lava"},{"x":1040,"y":752,"texture":"level1_block_lava"},{"x":1040,"y":752,"texture":"level1_block_lava"},{"x":1040,"y":752,"texture":"level1_block_lava"},{"x":1040,"y":752,"texture":"level1_block_lava"},{"x":1040,"y":752,"texture":"level1_block_lava"},{"x":1040,"y":752,"texture":"level1_block_lava"},{"x":1072,"y":752,"texture":"level1_block_lava"},{"x":1072,"y":752,"texture":"level1_block_lava"},{"x":1072,"y":752,"texture":"level1_block_lava"},{"x":1072,"y":752,"texture":"level1_block_lava"},{"x":1072,"y":752,"texture":"level1_block_lava"},{"x":1072,"y":752,"texture":"level1_block_lava"},{"x":1072,"y":752,"texture":"level1_block_lava"},{"x":1072,"y":752,"texture":"level1_block_lava"},{"x":1136,"y":752,"texture":"level1_block_lava"},{"x":1136,"y":752,"texture":"level1_block_lava"},{"x":1136,"y":752,"texture":"level1_block_lava"},{"x":1136,"y":752,"texture":"level1_block_lava"},{"x":1136,"y":752,"texture":"level1_block_lava"},{"x":1136,"y":752,"texture":"level1_block_lava"},{"x":1168,"y":752,"texture":"level1_block_lava"},{"x":1168,"y":752,"texture":"level1_block_lava"},{"x":1168,"y":752,"texture":"level1_block_lava"},{"x":1168,"y":752,"texture":"level1_block_lava"},{"x":1168,"y":752,"texture":"level1_block_lava"},{"x":1168,"y":752,"texture":"level1_block_lava"},{"x":1200,"y":752,"texture":"level1_block_lava"},{"x":1200,"y":752,"texture":"level1_block_lava"},{"x":1200,"y":752,"texture":"level1_block_lava"},{"x":1200,"y":752,"texture":"level1_block_lava"},{"x":1200,"y":752,"texture":"level1_block_lava"},{"x":1232,"y":752,"texture":"level1_block_lava"},{"x":1232,"y":752,"texture":"level1_block_lava"},{"x":1232,"y":752,"texture":"level1_block_lava"},{"x":1232,"y":752,"texture":"level1_block_lava"},{"x":1232,"y":752,"texture":"level1_block_lava"},{"x":1232,"y":752,"texture":"level1_block_lava"},{"x":1232,"y":752,"texture":"level1_block_lava"},{"x":1232,"y":752,"texture":"level1_block_lava"},{"x":1264,"y":752,"texture":"level1_block_lava"},{"x":1264,"y":752,"texture":"level1_block_lava"},{"x":1264,"y":752,"texture":"level1_block_lava"},{"x":1296,"y":752,"texture":"level1_block_lava"},{"x":1296,"y":752,"texture":"level1_block_lava"},{"x":1296,"y":752,"texture":"level1_block_lava"},{"x":1296,"y":752,"texture":"level1_block_lava"},{"x":1296,"y":752,"texture":"level1_block_lava"},{"x":1296,"y":752,"texture":"level1_block_lava"},{"x":1296,"y":752,"texture":"level1_block_lava"},{"x":1296,"y":752,"texture":"level1_block_lava"},{"x":1392,"y":752,"texture":"level1_block_lava"},{"x":1392,"y":752,"texture":"level1_block_lava"},{"x":1392,"y":752,"texture":"level1_block_lava"},{"x":1392,"y":752,"texture":"level1_block_lava"},{"x":1392,"y":752,"texture":"level1_block_lava"},{"x":1392,"y":752,"texture":"level1_block_lava"},{"x":1392,"y":752,"texture":"level1_block_lava"},{"x":1392,"y":752,"texture":"level1_block_lava"},{"x":1392,"y":752,"texture":"level1_block_lava"},{"x":1392,"y":752,"texture":"level1_block_lava"},{"x":1392,"y":752,"texture":"level1_block_lava"},{"x":1392,"y":752,"texture":"level1_block_lava"},{"x":1392,"y":752,"texture":"level1_block_lava"},{"x":1392,"y":752,"texture":"level1_block_lava"},{"x":1392,"y":752,"texture":"level1_block_lava"},{"x":1392,"y":752,"texture":"level1_block_lava"},{"x":1360,"y":752,"texture":"level1_block_lava"},{"x":1360,"y":752,"texture":"level1_block_lava"},{"x":1360,"y":752,"texture":"level1_block_lava"},{"x":1360,"y":752,"texture":"level1_block_lava"},{"x":1360,"y":752,"texture":"level1_block_lava"},{"x":1360,"y":752,"texture":"level1_block_lava"},{"x":1360,"y":752,"texture":"level1_block_lava"},{"x":1360,"y":752,"texture":"level1_block_lava"},{"x":1360,"y":752,"texture":"level1_block_lava"},{"x":1360,"y":752,"texture":"level1_block_lava"},{"x":1360,"y":752,"texture":"level1_block_lava"},{"x":1360,"y":752,"texture":"level1_block_lava"},{"x":1360,"y":752,"texture":"level1_block_lava"},{"x":1360,"y":752,"texture":"level1_block_lava"},{"x":1360,"y":752,"texture":"level1_block_lava"},{"x":1360,"y":752,"texture":"level1_block_lava"},{"x":1360,"y":752,"texture":"level1_block_lava"},{"x":1360,"y":752,"texture":"level1_block_lava"},{"x":1360,"y":752,"texture":"level1_block_lava"},{"x":1360,"y":752,"texture":"level1_block_lava"},{"x":1360,"y":752,"texture":"level1_block_lava"},{"x":1360,"y":752,"texture":"level1_block_lava"},{"x":1360,"y":752,"texture":"level1_block_lava"},{"x":1360,"y":752,"texture":"level1_block_lava"},{"x":1328,"y":752,"texture":"level1_block_lava"},{"x":1328,"y":752,"texture":"level1_block_lava"},{"x":1328,"y":752,"texture":"level1_block_lava"},{"x":1328,"y":752,"texture":"level1_block_lava"},{"x":1328,"y":752,"texture":"level1_block_lava"},{"x":1328,"y":752,"texture":"level1_block_lava"},{"x":1328,"y":752,"texture":"level1_block_lava"},{"x":1328,"y":752,"texture":"level1_block_lava"},{"x":1296,"y":752,"texture":"level1_block_lava"},{"x":1296,"y":752,"texture":"level1_block_lava"},{"x":1296,"y":752,"texture":"level1_block_lava"},{"x":1296,"y":752,"texture":"level1_block_lava"},{"x":1296,"y":752,"texture":"level1_block_lava"},{"x":1296,"y":752,"texture":"level1_block_lava"},{"x":1296,"y":752,"texture":"level1_block_lava"},{"x":1296,"y":752,"texture":"level1_block_lava"},{"x":1296,"y":752,"texture":"level1_block_lava"},{"x":1296,"y":752,"texture":"level1_block_lava"},{"x":1296,"y":752,"texture":"level1_block_lava"},{"x":1296,"y":752,"texture":"level1_block_lava"},{"x":1296,"y":752,"texture":"level1_block_lava"},{"x":1296,"y":752,"texture":"level1_block_lava"},{"x":1296,"y":752,"texture":"level1_block_lava"},{"x":1296,"y":752,"texture":"level1_block_lava"},{"x":1296,"y":752,"texture":"level1_block_lava"},{"x":1296,"y":752,"texture":"level1_block_lava"},{"x":1264,"y":752,"texture":"level1_block_lava"},{"x":1264,"y":752,"texture":"level1_block_lava"},{"x":1264,"y":752,"texture":"level1_block_lava"},{"x":1264,"y":752,"texture":"level1_block_lava"},{"x":1264,"y":752,"texture":"level1_block_lava"},{"x":1264,"y":752,"texture":"level1_block_lava"},{"x":1264,"y":752,"texture":"level1_block_lava"},{"x":1264,"y":752,"texture":"level1_block_lava"},{"x":1264,"y":752,"texture":"level1_block_lava"},{"x":1264,"y":752,"texture":"level1_block_lava"},{"x":1296,"y":752,"texture":"level1_block_lava"},{"x":1296,"y":752,"texture":"level1_block_lava"},{"x":1296,"y":752,"texture":"level1_block_lava"},{"x":1296,"y":752,"texture":"level1_block_lava"},{"x":1296,"y":752,"texture":"level1_block_lava"},{"x":1296,"y":752,"texture":"level1_block_lava"},{"x":1296,"y":752,"texture":"level1_block_lava"},{"x":1296,"y":752,"texture":"level1_block_lava"},{"x":1296,"y":752,"texture":"level1_block_lava"},{"x":1296,"y":752,"texture":"level1_block_lava"},{"x":1296,"y":752,"texture":"level1_block_lava"},{"x":1296,"y":752,"texture":"level1_block_lava"},{"x":1296,"y":752,"texture":"level1_block_lava"},{"x":1296,"y":752,"texture":"level1_block_lava"},{"x":1296,"y":752,"texture":"level1_block_lava"},{"x":1296,"y":752,"texture":"level1_block_lava"},{"x":1296,"y":752,"texture":"level1_block_lava"},{"x":1296,"y":752,"texture":"level1_block_lava"},{"x":1296,"y":752,"texture":"level1_block_lava"},{"x":1296,"y":752,"texture":"level1_block_lava"},{"x":1328,"y":752,"texture":"level1_block_lava"},{"x":1328,"y":752,"texture":"level1_block_lava"},{"x":1328,"y":752,"texture":"level1_block_lava"},{"x":1328,"y":752,"texture":"level1_block_lava"},{"x":1328,"y":752,"texture":"level1_block_lava"},{"x":1328,"y":752,"texture":"level1_block_lava"},{"x":1328,"y":752,"texture":"level1_block_lava"},{"x":1328,"y":752,"texture":"level1_block_lava"},{"x":1328,"y":752,"texture":"level1_block_lava"},{"x":1328,"y":752,"texture":"level1_block_lava"},{"x":1328,"y":752,"texture":"level1_block_lava"},{"x":1328,"y":752,"texture":"level1_block_lava"},{"x":1328,"y":752,"texture":"level1_block_lava"},{"x":1328,"y":752,"texture":"level1_block_lava"},{"x":1328,"y":752,"texture":"level1_block_lava"},{"x":1328,"y":752,"texture":"level1_block_lava"},{"x":1328,"y":752,"texture":"level1_block_lava"},{"x":1328,"y":752,"texture":"level1_block_lava"},{"x":1328,"y":752,"texture":"level1_block_lava"},{"x":1360,"y":752,"texture":"level1_block_lava"},{"x":1360,"y":752,"texture":"level1_block_lava"},{"x":1360,"y":752,"texture":"level1_block_lava"},{"x":1360,"y":752,"texture":"level1_block_lava"},{"x":1360,"y":752,"texture":"level1_block_lava"},{"x":1360,"y":752,"texture":"level1_block_lava"},{"x":1392,"y":752,"texture":"level1_block_lava"},{"x":1392,"y":752,"texture":"level1_block_lava"},{"x":1392,"y":752,"texture":"level1_block_lava"},{"x":1392,"y":752,"texture":"level1_block_lava"},{"x":1392,"y":752,"texture":"level1_block_lava"},{"x":1392,"y":752,"texture":"level1_block_lava"},{"x":1392,"y":752,"texture":"level1_block_lava"},{"x":1424,"y":752,"texture":"level1_block_lava"},{"x":1424,"y":752,"texture":"level1_block_lava"},{"x":1424,"y":752,"texture":"level1_block_lava"},{"x":1456,"y":752,"texture":"level1_block_lava"},{"x":1456,"y":752,"texture":"level1_block_lava"},{"x":1456,"y":752,"texture":"level1_block_lava"},{"x":1456,"y":752,"texture":"level1_block_lava"},{"x":1456,"y":752,"texture":"level1_block_lava"},{"x":1456,"y":752,"texture":"level1_block_lava"},{"x":1456,"y":752,"texture":"level1_block_lava"},{"x":1456,"y":752,"texture":"level1_block_lava"},{"x":1456,"y":752,"texture":"level1_block_lava"},{"x":1488,"y":752,"texture":"level1_block_lava"},{"x":1488,"y":752,"texture":"level1_block_lava"},{"x":1488,"y":752,"texture":"level1_block_lava"},{"x":1520,"y":752,"texture":"level1_block_lava"},{"x":1520,"y":752,"texture":"level1_block_lava"},{"x":1712,"y":752,"texture":"level1_block_lava"},{"x":1712,"y":752,"texture":"level1_block_lava"},{"x":1712,"y":752,"texture":"level1_block_lava"},{"x":1712,"y":752,"texture":"level1_block_lava"},{"x":1712,"y":752,"texture":"level1_block_lava"},{"x":1712,"y":752,"texture":"level1_block_lava"},{"x":1712,"y":752,"texture":"level1_block_lava"},{"x":1712,"y":752,"texture":"level1_block_lava"},{"x":1680,"y":752,"texture":"level1_block_lava"},{"x":1680,"y":752,"texture":"level1_block_lava"},{"x":1680,"y":752,"texture":"level1_block_lava"},{"x":1680,"y":752,"texture":"level1_block_lava"},{"x":1680,"y":752,"texture":"level1_block_lava"},{"x":1680,"y":752,"texture":"level1_block_lava"},{"x":1680,"y":752,"texture":"level1_block_lava"},{"x":1680,"y":752,"texture":"level1_block_lava"},{"x":1680,"y":752,"texture":"level1_block_lava"},{"x":1680,"y":752,"texture":"level1_block_lava"},{"x":1680,"y":752,"texture":"level1_block_lava"},{"x":1680,"y":752,"texture":"level1_block_lava"},{"x":1680,"y":752,"texture":"level1_block_lava"},{"x":1680,"y":752,"texture":"level1_block_lava"},{"x":1680,"y":752,"texture":"level1_block_lava"},{"x":1680,"y":752,"texture":"level1_block_lava"},{"x":1648,"y":752,"texture":"level1_block_lava"},{"x":1648,"y":752,"texture":"level1_block_lava"},{"x":1648,"y":752,"texture":"level1_block_lava"},{"x":1648,"y":752,"texture":"level1_block_lava"},{"x":1648,"y":752,"texture":"level1_block_lava"},{"x":1648,"y":752,"texture":"level1_block_lava"},{"x":1648,"y":752,"texture":"level1_block_lava"},{"x":1648,"y":752,"texture":"level1_block_lava"},{"x":1648,"y":752,"texture":"level1_block_lava"},{"x":1616,"y":752,"texture":"level1_block_lava"},{"x":1616,"y":752,"texture":"level1_block_lava"},{"x":1616,"y":752,"texture":"level1_block_lava"},{"x":1616,"y":752,"texture":"level1_block_lava"},{"x":1584,"y":752,"texture":"level1_block_lava"},{"x":1584,"y":752,"texture":"level1_block_lava"},{"x":1584,"y":752,"texture":"level1_block_lava"},{"x":1584,"y":752,"texture":"level1_block_lava"},{"x":1584,"y":752,"texture":"level1_block_lava"},{"x":1584,"y":752,"texture":"level1_block_lava"},{"x":1584,"y":752,"texture":"level1_block_lava"},{"x":1584,"y":752,"texture":"level1_block_lava"},{"x":1584,"y":752,"texture":"level1_block_lava"},{"x":1584,"y":752,"texture":"level1_block_lava"},{"x":1584,"y":752,"texture":"level1_block_lava"},{"x":1584,"y":752,"texture":"level1_block_lava"},{"x":1584,"y":752,"texture":"level1_block_lava"},{"x":1584,"y":752,"texture":"level1_block_lava"},{"x":1584,"y":752,"texture":"level1_block_lava"},{"x":1584,"y":752,"texture":"level1_block_lava"},{"x":1584,"y":752,"texture":"level1_block_lava"},{"x":1584,"y":752,"texture":"level1_block_lava"},{"x":1584,"y":752,"texture":"level1_block_lava"},{"x":1552,"y":752,"texture":"level1_block_lava"},{"x":1552,"y":752,"texture":"level1_block_lava"},{"x":1552,"y":752,"texture":"level1_block_lava"},{"x":1552,"y":752,"texture":"level1_block_lava"},{"x":1552,"y":752,"texture":"level1_block_lava"},{"x":1552,"y":752,"texture":"level1_block_lava"},{"x":1552,"y":752,"texture":"level1_block_lava"},{"x":1552,"y":752,"texture":"level1_block_lava"},{"x":1552,"y":752,"texture":"level1_block_lava"},{"x":1552,"y":752,"texture":"level1_block_lava"},{"x":1552,"y":752,"texture":"level1_block_lava"},{"x":1552,"y":752,"texture":"level1_block_lava"},{"x":1552,"y":752,"texture":"level1_block_lava"},{"x":1552,"y":752,"texture":"level1_block_lava"},{"x":1552,"y":752,"texture":"level1_block_lava"},{"x":1552,"y":752,"texture":"level1_block_lava"},{"x":1616,"y":752,"texture":"level1_block_lava"},{"x":1616,"y":752,"texture":"level1_block_lava"},{"x":1616,"y":752,"texture":"level1_block_lava"},{"x":1616,"y":752,"texture":"level1_block_lava"},{"x":1616,"y":752,"texture":"level1_block_lava"},{"x":1616,"y":752,"texture":"level1_block_lava"},{"x":1648,"y":752,"texture":"level1_block_lava"},{"x":1648,"y":752,"texture":"level1_block_lava"},{"x":1648,"y":752,"texture":"level1_block_lava"},{"x":1648,"y":752,"texture":"level1_block_lava"},{"x":1648,"y":752,"texture":"level1_block_lava"},{"x":1680,"y":752,"texture":"level1_block_lava"},{"x":1680,"y":752,"texture":"level1_block_lava"},{"x":1680,"y":752,"texture":"level1_block_lava"},{"x":1680,"y":752,"texture":"level1_block_lava"},{"x":1680,"y":752,"texture":"level1_block_lava"},{"x":1680,"y":752,"texture":"level1_block_lava"},{"x":1680,"y":752,"texture":"level1_block_lava"},{"x":1712,"y":752,"texture":"level1_block_lava"},{"x":1712,"y":752,"texture":"level1_block_lava"},{"x":1712,"y":752,"texture":"level1_block_lava"},{"x":1712,"y":752,"texture":"level1_block_lava"},{"x":1712,"y":752,"texture":"level1_block_lava"},{"x":1712,"y":752,"texture":"level1_block_lava"},{"x":1712,"y":752,"texture":"level1_block_lava"},{"x":1712,"y":752,"texture":"level1_block_lava"},{"x":1712,"y":752,"texture":"level1_block_lava"},{"x":1712,"y":752,"texture":"level1_block_lava"},{"x":1776,"y":752,"texture":"level1_block_lava"},{"x":1776,"y":752,"texture":"level1_block_lava"},{"x":1776,"y":752,"texture":"level1_block_lava"},{"x":1808,"y":752,"texture":"level1_block_lava"},{"x":1808,"y":752,"texture":"level1_block_lava"},{"x":1808,"y":752,"texture":"level1_block_lava"},{"x":1808,"y":752,"texture":"level1_block_lava"},{"x":1808,"y":752,"texture":"level1_block_lava"},{"x":1808,"y":752,"texture":"level1_block_lava"},{"x":1840,"y":752,"texture":"level1_block_lava"},{"x":1840,"y":752,"texture":"level1_block_lava"},{"x":1840,"y":752,"texture":"level1_block_lava"},{"x":1840,"y":752,"texture":"level1_block_lava"},{"x":1840,"y":752,"texture":"level1_block_lava"},{"x":1872,"y":752,"texture":"level1_block_lava"},{"x":1872,"y":752,"texture":"level1_block_lava"},{"x":1872,"y":752,"texture":"level1_block_lava"},{"x":1904,"y":752,"texture":"level1_block_lava"},{"x":1936,"y":752,"texture":"level1_block_lava"},{"x":1936,"y":752,"texture":"level1_block_lava"},{"x":1936,"y":752,"texture":"level1_block_lava"},{"x":1968,"y":752,"texture":"level1_block_lava"},{"x":1968,"y":752,"texture":"level1_block_lava"},{"x":1968,"y":752,"texture":"level1_block_lava"},{"x":1968,"y":752,"texture":"level1_block_lava"},{"x":1968,"y":752,"texture":"level1_block_lava"},{"x":1968,"y":752,"texture":"level1_block_lava"},{"x":1968,"y":752,"texture":"level1_block_lava"},{"x":1968,"y":752,"texture":"level1_block_lava"},{"x":1968,"y":752,"texture":"level1_block_lava"},{"x":1968,"y":752,"texture":"level1_block_lava"},{"x":1968,"y":752,"texture":"level1_block_lava"},{"x":1968,"y":752,"texture":"level1_block_lava"},{"x":1968,"y":752,"texture":"level1_block_lava"},{"x":2000,"y":752,"texture":"level1_block_lava"},{"x":2000,"y":752,"texture":"level1_block_lava"},{"x":2000,"y":752,"texture":"level1_block_lava"},{"x":2000,"y":752,"texture":"level1_block_lava"},{"x":2000,"y":752,"texture":"level1_block_lava"},{"x":2000,"y":752,"texture":"level1_block_lava"},{"x":2000,"y":752,"texture":"level1_block_lava"},{"x":2000,"y":752,"texture":"level1_block_lava"},{"x":2000,"y":752,"texture":"level1_block_lava"},{"x":2000,"y":752,"texture":"level1_block_lava"},{"x":2000,"y":752,"texture":"level1_block_lava"},{"x":2000,"y":752,"texture":"level1_block_lava"},{"x":2000,"y":752,"texture":"level1_block_lava"},{"x":2032,"y":752,"texture":"level1_block_lava"},{"x":2032,"y":752,"texture":"level1_block_lava"},{"x":2032,"y":752,"texture":"level1_block_lava"},{"x":2032,"y":752,"texture":"level1_block_lava"},{"x":2032,"y":752,"texture":"level1_block_lava"},{"x":2032,"y":752,"texture":"level1_block_lava"},{"x":2032,"y":752,"texture":"level1_block_lava"},{"x":2032,"y":752,"texture":"level1_block_lava"},{"x":2032,"y":752,"texture":"level1_block_lava"},{"x":2032,"y":752,"texture":"level1_block_lava"},{"x":2032,"y":752,"texture":"level1_block_lava"},{"x":2032,"y":752,"texture":"level1_block_lava"},{"x":2032,"y":752,"texture":"level1_block_lava"},{"x":2032,"y":752,"texture":"level1_block_lava"},{"x":2032,"y":752,"texture":"level1_block_lava"},{"x":2032,"y":752,"texture":"level1_block_lava"},{"x":2032,"y":752,"texture":"level1_block_lava"},{"x":2032,"y":752,"texture":"level1_block_lava"},{"x":2032,"y":752,"texture":"level1_block_lava"},{"x":2032,"y":752,"texture":"level1_block_lava"},{"x":2032,"y":752,"texture":"level1_block_lava"},{"x":2032,"y":752,"texture":"level1_block_lava"},{"x":2032,"y":752,"texture":"level1_block_lava"},{"x":2032,"y":752,"texture":"level1_block_lava"},{"x":2032,"y":752,"texture":"level1_block_lava"},{"x":2000,"y":752,"texture":"level1_block_lava"},{"x":2000,"y":752,"texture":"level1_block_lava"},{"x":2000,"y":752,"texture":"level1_block_lava"},{"x":2000,"y":752,"texture":"level1_block_lava"},{"x":2000,"y":752,"texture":"level1_block_lava"},{"x":2000,"y":752,"texture":"level1_block_lava"},{"x":2000,"y":752,"texture":"level1_block_lava"},{"x":2000,"y":752,"texture":"level1_block_lava"},{"x":2000,"y":752,"texture":"level1_block_lava"},{"x":2000,"y":752,"texture":"level1_block_lava"},{"x":2000,"y":752,"texture":"level1_block_lava"},{"x":2000,"y":752,"texture":"level1_block_lava"},{"x":2000,"y":752,"texture":"level1_block_lava"},{"x":2000,"y":752,"texture":"level1_block_lava"},{"x":2000,"y":752,"texture":"level1_block_lava"},{"x":2000,"y":752,"texture":"level1_block_lava"},{"x":1968,"y":752,"texture":"level1_block_lava"},{"x":1968,"y":752,"texture":"level1_block_lava"},{"x":1968,"y":752,"texture":"level1_block_lava"},{"x":1968,"y":752,"texture":"level1_block_lava"},{"x":1968,"y":752,"texture":"level1_block_lava"},{"x":1968,"y":752,"texture":"level1_block_lava"},{"x":1968,"y":752,"texture":"level1_block_lava"},{"x":1968,"y":752,"texture":"level1_block_lava"},{"x":1968,"y":752,"texture":"level1_block_lava"},{"x":1936,"y":752,"texture":"level1_block_lava"},{"x":1936,"y":752,"texture":"level1_block_lava"},{"x":1936,"y":752,"texture":"level1_block_lava"},{"x":1936,"y":752,"texture":"level1_block_lava"},{"x":1936,"y":752,"texture":"level1_block_lava"},{"x":1936,"y":752,"texture":"level1_block_lava"},{"x":1936,"y":752,"texture":"level1_block_lava"},{"x":1936,"y":752,"texture":"level1_block_lava"},{"x":1936,"y":752,"texture":"level1_block_lava"},{"x":1904,"y":752,"texture":"level1_block_lava"},{"x":1904,"y":752,"texture":"level1_block_lava"},{"x":1904,"y":752,"texture":"level1_block_lava"},{"x":1904,"y":752,"texture":"level1_block_lava"},{"x":1904,"y":752,"texture":"level1_block_lava"},{"x":1904,"y":752,"texture":"level1_block_lava"},{"x":1904,"y":752,"texture":"level1_block_lava"},{"x":1904,"y":752,"texture":"level1_block_lava"},{"x":1872,"y":752,"texture":"level1_block_lava"},{"x":1872,"y":752,"texture":"level1_block_lava"},{"x":1872,"y":752,"texture":"level1_block_lava"},{"x":1872,"y":752,"texture":"level1_block_lava"},{"x":1872,"y":752,"texture":"level1_block_lava"},{"x":1872,"y":752,"texture":"level1_block_lava"},{"x":1872,"y":752,"texture":"level1_block_lava"},{"x":1872,"y":752,"texture":"level1_block_lava"},{"x":1872,"y":752,"texture":"level1_block_lava"},{"x":1872,"y":752,"texture":"level1_block_lava"},{"x":1872,"y":752,"texture":"level1_block_lava"},{"x":1872,"y":752,"texture":"level1_block_lava"},{"x":1872,"y":752,"texture":"level1_block_lava"},{"x":1872,"y":752,"texture":"level1_block_lava"},{"x":1840,"y":752,"texture":"level1_block_lava"},{"x":1840,"y":752,"texture":"level1_block_lava"},{"x":1840,"y":752,"texture":"level1_block_lava"},{"x":1840,"y":752,"texture":"level1_block_lava"},{"x":1840,"y":752,"texture":"level1_block_lava"},{"x":1840,"y":752,"texture":"level1_block_lava"},{"x":1840,"y":752,"texture":"level1_block_lava"},{"x":1840,"y":752,"texture":"level1_block_lava"},{"x":1840,"y":752,"texture":"level1_block_lava"},{"x":1840,"y":752,"texture":"level1_block_lava"},{"x":1840,"y":752,"texture":"level1_block_lava"},{"x":1840,"y":752,"texture":"level1_block_lava"},{"x":1840,"y":752,"texture":"level1_block_lava"},{"x":1808,"y":752,"texture":"level1_block_lava"},{"x":1808,"y":752,"texture":"level1_block_lava"},{"x":1808,"y":752,"texture":"level1_block_lava"},{"x":1808,"y":752,"texture":"level1_block_lava"},{"x":1808,"y":752,"texture":"level1_block_lava"},{"x":1808,"y":752,"texture":"level1_block_lava"},{"x":1808,"y":752,"texture":"level1_block_lava"},{"x":1808,"y":752,"texture":"level1_block_lava"},{"x":1808,"y":752,"texture":"level1_block_lava"},{"x":1808,"y":752,"texture":"level1_block_lava"},{"x":1808,"y":752,"texture":"level1_block_lava"},{"x":1808,"y":752,"texture":"level1_block_lava"},{"x":1808,"y":752,"texture":"level1_block_lava"},{"x":1808,"y":752,"texture":"level1_block_lava"},{"x":1808,"y":752,"texture":"level1_block_lava"},{"x":1808,"y":752,"texture":"level1_block_lava"},{"x":1808,"y":752,"texture":"level1_block_lava"},{"x":1808,"y":752,"texture":"level1_block_lava"},{"x":1808,"y":752,"texture":"level1_block_lava"},{"x":1808,"y":752,"texture":"level1_block_lava"},{"x":1776,"y":752,"texture":"level1_block_lava"},{"x":1776,"y":752,"texture":"level1_block_lava"},{"x":1776,"y":752,"texture":"level1_block_lava"},{"x":1776,"y":752,"texture":"level1_block_lava"},{"x":1776,"y":752,"texture":"level1_block_lava"},{"x":1776,"y":752,"texture":"level1_block_lava"},{"x":1776,"y":752,"texture":"level1_block_lava"},{"x":1776,"y":752,"texture":"level1_block_lava"},{"x":1776,"y":752,"texture":"level1_block_lava"},{"x":1776,"y":752,"texture":"level1_block_lava"},{"x":1776,"y":752,"texture":"level1_block_lava"},{"x":1776,"y":752,"texture":"level1_block_lava"},{"x":1776,"y":752,"texture":"level1_block_lava"},{"x":1776,"y":752,"texture":"level1_block_lava"},{"x":1776,"y":752,"texture":"level1_block_lava"},{"x":1776,"y":752,"texture":"level1_block_lava"},{"x":1776,"y":752,"texture":"level1_block_lava"},{"x":1744,"y":752,"texture":"level1_block_lava"},{"x":1744,"y":752,"texture":"level1_block_lava"},{"x":1744,"y":752,"texture":"level1_block_lava"},{"x":1744,"y":752,"texture":"level1_block_lava"},{"x":1744,"y":752,"texture":"level1_block_lava"},{"x":1744,"y":752,"texture":"level1_block_lava"},{"x":1744,"y":752,"texture":"level1_block_lava"},{"x":1744,"y":752,"texture":"level1_block_lava"},{"x":1744,"y":752,"texture":"level1_block_lava"},{"x":1744,"y":752,"texture":"level1_block_lava"},{"x":1744,"y":752,"texture":"level1_block_lava"},{"x":1744,"y":752,"texture":"level1_block_lava"},{"x":1744,"y":752,"texture":"level1_block_lava"},{"x":1744,"y":752,"texture":"level1_block_lava"},{"x":1744,"y":752,"texture":"level1_block_lava"},{"x":1744,"y":752,"texture":"level1_block_lava"},{"x":1776,"y":752,"texture":"level1_block_lava"},{"x":1776,"y":752,"texture":"level1_block_lava"},{"x":1776,"y":752,"texture":"level1_block_lava"},{"x":1776,"y":752,"texture":"level1_block_lava"},{"x":1776,"y":752,"texture":"level1_block_lava"},{"x":1808,"y":752,"texture":"level1_block_lava"},{"x":1808,"y":752,"texture":"level1_block_lava"},{"x":1808,"y":752,"texture":"level1_block_lava"},{"x":1808,"y":752,"texture":"level1_block_lava"},{"x":1808,"y":752,"texture":"level1_block_lava"},{"x":1808,"y":752,"texture":"level1_block_lava"},{"x":1840,"y":752,"texture":"level1_block_lava"},{"x":1840,"y":752,"texture":"level1_block_lava"},{"x":1840,"y":752,"texture":"level1_block_lava"},{"x":1840,"y":752,"texture":"level1_block_lava"},{"x":1840,"y":752,"texture":"level1_block_lava"},{"x":1840,"y":752,"texture":"level1_block_lava"},{"x":1840,"y":752,"texture":"level1_block_lava"},{"x":1872,"y":752,"texture":"level1_block_lava"},{"x":1872,"y":752,"texture":"level1_block_lava"},{"x":1872,"y":752,"texture":"level1_block_lava"},{"x":1872,"y":752,"texture":"level1_block_lava"},{"x":1872,"y":752,"texture":"level1_block_lava"},{"x":1872,"y":752,"texture":"level1_block_lava"},{"x":1872,"y":752,"texture":"level1_block_lava"},{"x":1904,"y":752,"texture":"level1_block_lava"},{"x":1904,"y":752,"texture":"level1_block_lava"},{"x":1904,"y":752,"texture":"level1_block_lava"},{"x":1904,"y":752,"texture":"level1_block_lava"},{"x":1904,"y":752,"texture":"level1_block_lava"},{"x":1904,"y":752,"texture":"level1_block_lava"},{"x":1936,"y":752,"texture":"level1_block_lava"},{"x":1936,"y":752,"texture":"level1_block_lava"},{"x":1936,"y":752,"texture":"level1_block_lava"},{"x":1936,"y":752,"texture":"level1_block_lava"},{"x":1968,"y":752,"texture":"level1_block_lava"},{"x":1968,"y":752,"texture":"level1_block_lava"},{"x":1968,"y":752,"texture":"level1_block_lava"},{"x":1968,"y":752,"texture":"level1_block_lava"},{"x":1968,"y":752,"texture":"level1_block_lava"},{"x":2000,"y":752,"texture":"level1_block_lava"},{"x":2000,"y":752,"texture":"level1_block_lava"},{"x":2000,"y":752,"texture":"level1_block_lava"},{"x":2000,"y":752,"texture":"level1_block_lava"},{"x":2000,"y":752,"texture":"level1_block_lava"},{"x":2032,"y":752,"texture":"level1_block_lava"},{"x":2032,"y":752,"texture":"level1_block_lava"},{"x":2032,"y":752,"texture":"level1_block_lava"},{"x":2032,"y":752,"texture":"level1_block_lava"},{"x":2064,"y":752,"texture":"level1_block_lava"},{"x":2064,"y":752,"texture":"level1_block_lava"},{"x":2064,"y":752,"texture":"level1_block_lava"},{"x":2096,"y":752,"texture":"level1_block_lava"},{"x":2096,"y":752,"texture":"level1_block_lava"},{"x":2096,"y":752,"texture":"level1_block_lava"},{"x":2096,"y":752,"texture":"level1_block_lava"},{"x":2096,"y":752,"texture":"level1_block_lava"},{"x":2096,"y":752,"texture":"level1_block_lava"},{"x":2096,"y":752,"texture":"level1_block_lava"},{"x":2096,"y":752,"texture":"level1_block_lava"},{"x":2096,"y":752,"texture":"level1_block_lava"},{"x":2128,"y":752,"texture":"level1_block_lava"},{"x":2128,"y":752,"texture":"level1_block_lava"},{"x":2160,"y":752,"texture":"level1_block_lava"},{"x":2160,"y":752,"texture":"level1_block_lava"},{"x":2160,"y":752,"texture":"level1_block_lava"},{"x":2160,"y":752,"texture":"level1_block_lava"},{"x":2160,"y":752,"texture":"level1_block_lava"},{"x":2192,"y":752,"texture":"level1_block_lava"},{"x":2192,"y":752,"texture":"level1_block_lava"},{"x":2192,"y":752,"texture":"level1_block_lava"},{"x":2192,"y":752,"texture":"level1_block_lava"},{"x":2192,"y":752,"texture":"level1_block_lava"},{"x":2192,"y":752,"texture":"level1_block_lava"},{"x":2192,"y":752,"texture":"level1_block_lava"},{"x":2192,"y":752,"texture":"level1_block_lava"},{"x":2192,"y":752,"texture":"level1_block_lava"},{"x":2256,"y":752,"texture":"level1_block_lava"},{"x":2256,"y":752,"texture":"level1_block_lava"},{"x":2256,"y":752,"texture":"level1_block_lava"},{"x":2256,"y":752,"texture":"level1_block_lava"},{"x":2256,"y":752,"texture":"level1_block_lava"},{"x":2256,"y":752,"texture":"level1_block_lava"},{"x":2256,"y":752,"texture":"level1_block_lava"},{"x":2256,"y":752,"texture":"level1_block_lava"},{"x":2256,"y":752,"texture":"level1_block_lava"},{"x":2288,"y":752,"texture":"level1_block_lava"},{"x":2288,"y":752,"texture":"level1_block_lava"},{"x":2288,"y":752,"texture":"level1_block_lava"},{"x":2288,"y":752,"texture":"level1_block_lava"},{"x":2288,"y":752,"texture":"level1_block_lava"},{"x":2256,"y":752,"texture":"level1_block_lava"},{"x":2256,"y":752,"texture":"level1_block_lava"},{"x":2256,"y":752,"texture":"level1_block_lava"},{"x":2256,"y":752,"texture":"level1_block_lava"},{"x":2256,"y":752,"texture":"level1_block_lava"},{"x":2256,"y":752,"texture":"level1_block_lava"},{"x":2256,"y":752,"texture":"level1_block_lava"},{"x":2256,"y":752,"texture":"level1_block_lava"},{"x":2256,"y":752,"texture":"level1_block_lava"},{"x":2224,"y":752,"texture":"level1_block_lava"},{"x":2224,"y":752,"texture":"level1_block_lava"},{"x":2224,"y":752,"texture":"level1_block_lava"},{"x":2224,"y":752,"texture":"level1_block_lava"},{"x":2224,"y":752,"texture":"level1_block_lava"},{"x":2224,"y":752,"texture":"level1_block_lava"},{"x":2224,"y":752,"texture":"level1_block_lava"},{"x":2224,"y":752,"texture":"level1_block_lava"},{"x":2224,"y":752,"texture":"level1_block_lava"},{"x":2224,"y":752,"texture":"level1_block_lava"},{"x":2224,"y":752,"texture":"level1_block_lava"},{"x":2224,"y":752,"texture":"level1_block_lava"},{"x":2224,"y":752,"texture":"level1_block_lava"},{"x":2224,"y":752,"texture":"level1_block_lava"},{"x":2224,"y":752,"texture":"level1_block_lava"},{"x":2224,"y":752,"texture":"level1_block_lava"},{"x":2224,"y":752,"texture":"level1_block_lava"},{"x":2224,"y":752,"texture":"level1_block_lava"},{"x":2224,"y":752,"texture":"level1_block_lava"},{"x":2224,"y":752,"texture":"level1_block_lava"},{"x":2224,"y":752,"texture":"level1_block_lava"},{"x":2224,"y":752,"texture":"level1_block_lava"},{"x":2256,"y":752,"texture":"level1_block_lava"},{"x":2256,"y":752,"texture":"level1_block_lava"},{"x":2256,"y":752,"texture":"level1_block_lava"},{"x":2256,"y":752,"texture":"level1_block_lava"},{"x":2256,"y":752,"texture":"level1_block_lava"},{"x":2256,"y":752,"texture":"level1_block_lava"},{"x":2416,"y":752,"texture":"level1_block_lava"},{"x":2416,"y":752,"texture":"level1_block_lava"},{"x":2416,"y":752,"texture":"level1_block_lava"},{"x":2416,"y":752,"texture":"level1_block_lava"},{"x":2416,"y":752,"texture":"level1_block_lava"},{"x":2448,"y":752,"texture":"level1_block_lava"},{"x":2448,"y":752,"texture":"level1_block_lava"},{"x":2480,"y":752,"texture":"level1_block_lava"},{"x":2480,"y":752,"texture":"level1_block_lava"},{"x":2480,"y":752,"texture":"level1_block_lava"},{"x":2512,"y":752,"texture":"level1_block_lava"},{"x":2512,"y":752,"texture":"level1_block_lava"},{"x":2512,"y":752,"texture":"level1_block_lava"},{"x":2544,"y":752,"texture":"level1_block_lava"},{"x":2544,"y":752,"texture":"level1_block_lava"},{"x":2544,"y":752,"texture":"level1_block_lava"},{"x":2576,"y":752,"texture":"level1_block_lava"},{"x":2576,"y":752,"texture":"level1_block_lava"},{"x":2576,"y":752,"texture":"level1_block_lava"},{"x":2576,"y":752,"texture":"level1_block_lava"},{"x":2576,"y":752,"texture":"level1_block_lava"},{"x":2576,"y":752,"texture":"level1_block_lava"},{"x":2576,"y":752,"texture":"level1_block_lava"},{"x":2576,"y":752,"texture":"level1_block_lava"},{"x":2576,"y":752,"texture":"level1_block_lava"},{"x":2576,"y":752,"texture":"level1_block_lava"},{"x":2576,"y":752,"texture":"level1_block_lava"},{"x":2576,"y":752,"texture":"level1_block_lava"},{"x":2544,"y":752,"texture":"level1_block_lava"},{"x":2544,"y":752,"texture":"level1_block_lava"},{"x":2544,"y":752,"texture":"level1_block_lava"},{"x":2544,"y":752,"texture":"level1_block_lava"},{"x":2544,"y":752,"texture":"level1_block_lava"},{"x":2544,"y":752,"texture":"level1_block_lava"},{"x":2544,"y":752,"texture":"level1_block_lava"},{"x":2544,"y":752,"texture":"level1_block_lava"},{"x":2544,"y":752,"texture":"level1_block_lava"},{"x":2544,"y":752,"texture":"level1_block_lava"},{"x":2544,"y":752,"texture":"level1_block_lava"},{"x":2544,"y":752,"texture":"level1_block_lava"},{"x":2512,"y":752,"texture":"level1_block_lava"},{"x":2512,"y":752,"texture":"level1_block_lava"},{"x":2512,"y":752,"texture":"level1_block_lava"},{"x":2512,"y":752,"texture":"level1_block_lava"},{"x":2512,"y":752,"texture":"level1_block_lava"},{"x":2512,"y":752,"texture":"level1_block_lava"},{"x":2512,"y":752,"texture":"level1_block_lava"},{"x":2512,"y":752,"texture":"level1_block_lava"},{"x":2512,"y":752,"texture":"level1_block_lava"},{"x":2512,"y":752,"texture":"level1_block_lava"},{"x":2512,"y":752,"texture":"level1_block_lava"},{"x":2512,"y":752,"texture":"level1_block_lava"},{"x":2512,"y":752,"texture":"level1_block_lava"},{"x":2512,"y":752,"texture":"level1_block_lava"},{"x":2480,"y":752,"texture":"level1_block_lava"},{"x":2480,"y":752,"texture":"level1_block_lava"},{"x":2480,"y":752,"texture":"level1_block_lava"},{"x":2480,"y":752,"texture":"level1_block_lava"},{"x":2480,"y":752,"texture":"level1_block_lava"},{"x":2480,"y":752,"texture":"level1_block_lava"},{"x":2448,"y":752,"texture":"level1_block_lava"},{"x":2448,"y":752,"texture":"level1_block_lava"},{"x":2448,"y":752,"texture":"level1_block_lava"},{"x":2448,"y":752,"texture":"level1_block_lava"},{"x":2448,"y":752,"texture":"level1_block_lava"},{"x":2448,"y":752,"texture":"level1_block_lava"},{"x":2448,"y":752,"texture":"level1_block_lava"},{"x":2448,"y":752,"texture":"level1_block_lava"},{"x":2448,"y":752,"texture":"level1_block_lava"},{"x":2448,"y":752,"texture":"level1_block_lava"},{"x":2448,"y":752,"texture":"level1_block_lava"},{"x":2416,"y":752,"texture":"level1_block_lava"},{"x":2416,"y":752,"texture":"level1_block_lava"},{"x":2416,"y":752,"texture":"level1_block_lava"},{"x":2416,"y":752,"texture":"level1_block_lava"},{"x":2416,"y":752,"texture":"level1_block_lava"},{"x":2416,"y":752,"texture":"level1_block_lava"},{"x":2416,"y":752,"texture":"level1_block_lava"},{"x":2384,"y":752,"texture":"level1_block_lava"},{"x":2384,"y":752,"texture":"level1_block_lava"},{"x":2384,"y":752,"texture":"level1_block_lava"},{"x":2384,"y":752,"texture":"level1_block_lava"},{"x":2384,"y":752,"texture":"level1_block_lava"},{"x":2384,"y":752,"texture":"level1_block_lava"},{"x":2384,"y":752,"texture":"level1_block_lava"},{"x":2384,"y":752,"texture":"level1_block_lava"},{"x":2384,"y":752,"texture":"level1_block_lava"},{"x":2384,"y":752,"texture":"level1_block_lava"},{"x":2352,"y":752,"texture":"level1_block_lava"},{"x":2352,"y":752,"texture":"level1_block_lava"},{"x":2352,"y":752,"texture":"level1_block_lava"},{"x":2352,"y":752,"texture":"level1_block_lava"},{"x":2352,"y":752,"texture":"level1_block_lava"},{"x":2352,"y":752,"texture":"level1_block_lava"},{"x":2352,"y":752,"texture":"level1_block_lava"},{"x":2352,"y":752,"texture":"level1_block_lava"},{"x":2352,"y":752,"texture":"level1_block_lava"},{"x":2352,"y":752,"texture":"level1_block_lava"},{"x":2352,"y":752,"texture":"level1_block_lava"},{"x":2352,"y":752,"texture":"level1_block_lava"},{"x":2320,"y":752,"texture":"level1_block_lava"},{"x":2320,"y":752,"texture":"level1_block_lava"},{"x":2320,"y":752,"texture":"level1_block_lava"},{"x":2320,"y":752,"texture":"level1_block_lava"},{"x":2320,"y":752,"texture":"level1_block_lava"},{"x":2320,"y":752,"texture":"level1_block_lava"},{"x":2320,"y":752,"texture":"level1_block_lava"},{"x":2320,"y":752,"texture":"level1_block_lava"},{"x":2320,"y":752,"texture":"level1_block_lava"},{"x":2320,"y":752,"texture":"level1_block_lava"},{"x":2320,"y":752,"texture":"level1_block_lava"},{"x":2320,"y":752,"texture":"level1_block_lava"},{"x":2320,"y":752,"texture":"level1_block_lava"},{"x":2320,"y":752,"texture":"level1_block_lava"},{"x":2320,"y":752,"texture":"level1_block_lava"},{"x":2320,"y":752,"texture":"level1_block_lava"},{"x":2320,"y":752,"texture":"level1_block_lava"},{"x":2320,"y":752,"texture":"level1_block_lava"},{"x":2320,"y":752,"texture":"level1_block_lava"},{"x":2320,"y":752,"texture":"level1_block_lava"},{"x":2320,"y":752,"texture":"level1_block_lava"},{"x":2320,"y":752,"texture":"level1_block_lava"},{"x":2320,"y":752,"texture":"level1_block_lava"},{"x":2320,"y":752,"texture":"level1_block_lava"},{"x":2320,"y":752,"texture":"level1_block_lava"},{"x":2320,"y":752,"texture":"level1_block_lava"},{"x":2320,"y":752,"texture":"level1_block_lava"},{"x":2320,"y":752,"texture":"level1_block_lava"},{"x":2320,"y":752,"texture":"level1_block_lava"},{"x":2320,"y":752,"texture":"level1_block_lava"},{"x":2320,"y":752,"texture":"level1_block_lava"},{"x":2320,"y":752,"texture":"level1_block_lava"},{"x":2384,"y":752,"texture":"level1_block_lava"},{"x":2384,"y":752,"texture":"level1_block_lava"},{"x":2384,"y":752,"texture":"level1_block_lava"},{"x":2384,"y":752,"texture":"level1_block_lava"},{"x":2416,"y":752,"texture":"level1_block_lava"},{"x":2416,"y":752,"texture":"level1_block_lava"},{"x":2416,"y":752,"texture":"level1_block_lava"},{"x":2416,"y":752,"texture":"level1_block_lava"},{"x":2416,"y":752,"texture":"level1_block_lava"},{"x":2416,"y":752,"texture":"level1_block_lava"},{"x":2480,"y":752,"texture":"level1_block_lava"},{"x":2480,"y":752,"texture":"level1_block_lava"},{"x":2480,"y":752,"texture":"level1_block_lava"},{"x":2480,"y":752,"texture":"level1_block_lava"},{"x":2480,"y":752,"texture":"level1_block_lava"},{"x":2480,"y":752,"texture":"level1_block_lava"},{"x":2480,"y":752,"texture":"level1_block_lava"},{"x":2512,"y":752,"texture":"level1_block_lava"},{"x":2512,"y":752,"texture":"level1_block_lava"},{"x":2512,"y":752,"texture":"level1_block_lava"},{"x":2512,"y":752,"texture":"level1_block_lava"},{"x":2512,"y":752,"texture":"level1_block_lava"},{"x":2512,"y":752,"texture":"level1_block_lava"},{"x":2544,"y":752,"texture":"level1_block_lava"},{"x":2544,"y":752,"texture":"level1_block_lava"},{"x":2544,"y":752,"texture":"level1_block_lava"},{"x":2544,"y":752,"texture":"level1_block_lava"},{"x":2544,"y":752,"texture":"level1_block_lava"},{"x":2576,"y":752,"texture":"level1_block_lava"},{"x":2576,"y":752,"texture":"level1_block_lava"},{"x":2576,"y":752,"texture":"level1_block_lava"},{"x":2608,"y":752,"texture":"level1_block_lava"},{"x":2608,"y":752,"texture":"level1_block_lava"},{"x":2608,"y":752,"texture":"level1_block_lava"},{"x":2608,"y":752,"texture":"level1_block_lava"},{"x":2608,"y":752,"texture":"level1_block_lava"},{"x":2608,"y":752,"texture":"level1_block_lava"},{"x":2640,"y":752,"texture":"level1_block_lava"},{"x":2640,"y":752,"texture":"level1_block_lava"},{"x":2672,"y":752,"texture":"level1_block_lava"},{"x":2672,"y":752,"texture":"level1_block_lava"},{"x":2672,"y":752,"texture":"level1_block_lava"},{"x":2704,"y":752,"texture":"level1_block_lava"},{"x":2704,"y":752,"texture":"level1_block_lava"},{"x":2704,"y":752,"texture":"level1_block_lava"},{"x":2704,"y":752,"texture":"level1_block_lava"},{"x":2768,"y":752,"texture":"level1_block_lava"},{"x":2768,"y":752,"texture":"level1_block_lava"},{"x":2768,"y":752,"texture":"level1_block_lava"},{"x":2768,"y":752,"texture":"level1_block_lava"},{"x":2768,"y":752,"texture":"level1_block_lava"},{"x":2768,"y":752,"texture":"level1_block_lava"},{"x":2768,"y":752,"texture":"level1_block_lava"},{"x":2768,"y":752,"texture":"level1_block_lava"},{"x":2768,"y":752,"texture":"level1_block_lava"},{"x":2800,"y":752,"texture":"level1_block_lava"},{"x":2832,"y":752,"texture":"level1_block_lava"},{"x":2832,"y":752,"texture":"level1_block_lava"},{"x":2832,"y":752,"texture":"level1_block_lava"},{"x":2832,"y":752,"texture":"level1_block_lava"},{"x":2832,"y":752,"texture":"level1_block_lava"},{"x":2864,"y":752,"texture":"level1_block_lava"},{"x":2864,"y":752,"texture":"level1_block_lava"},{"x":2864,"y":752,"texture":"level1_block_lava"},{"x":2864,"y":752,"texture":"level1_block_lava"},{"x":2896,"y":752,"texture":"level1_block_lava"},{"x":2896,"y":752,"texture":"level1_block_lava"},{"x":2896,"y":752,"texture":"level1_block_lava"},{"x":2896,"y":752,"texture":"level1_block_lava"},{"x":2896,"y":752,"texture":"level1_block_lava"},{"x":2896,"y":752,"texture":"level1_block_lava"},{"x":2896,"y":752,"texture":"level1_block_lava"},{"x":2928,"y":752,"texture":"level1_block_lava"},{"x":2928,"y":752,"texture":"level1_block_lava"},{"x":2928,"y":752,"texture":"level1_block_lava"},{"x":2928,"y":752,"texture":"level1_block_lava"},{"x":2928,"y":752,"texture":"level1_block_lava"},{"x":2928,"y":752,"texture":"level1_block_lava"},{"x":2928,"y":752,"texture":"level1_block_lava"},{"x":2928,"y":752,"texture":"level1_block_lava"},{"x":2928,"y":752,"texture":"level1_block_lava"},{"x":2928,"y":752,"texture":"level1_block_lava"},{"x":2928,"y":752,"texture":"level1_block_lava"},{"x":2928,"y":752,"texture":"level1_block_lava"},{"x":2928,"y":752,"texture":"level1_block_lava"},{"x":2928,"y":752,"texture":"level1_block_lava"},{"x":2928,"y":752,"texture":"level1_block_lava"},{"x":2928,"y":752,"texture":"level1_block_lava"},{"x":2928,"y":752,"texture":"level1_block_lava"},{"x":2928,"y":752,"texture":"level1_block_lava"},{"x":2896,"y":752,"texture":"level1_block_lava"},{"x":2896,"y":752,"texture":"level1_block_lava"},{"x":2896,"y":752,"texture":"level1_block_lava"},{"x":2896,"y":752,"texture":"level1_block_lava"},{"x":2864,"y":752,"texture":"level1_block_lava"},{"x":2864,"y":752,"texture":"level1_block_lava"},{"x":2864,"y":752,"texture":"level1_block_lava"},{"x":2864,"y":752,"texture":"level1_block_lava"},{"x":2864,"y":752,"texture":"level1_block_lava"},{"x":2864,"y":752,"texture":"level1_block_lava"},{"x":2832,"y":752,"texture":"level1_block_lava"},{"x":2832,"y":752,"texture":"level1_block_lava"},{"x":2832,"y":752,"texture":"level1_block_lava"},{"x":2832,"y":752,"texture":"level1_block_lava"},{"x":2832,"y":752,"texture":"level1_block_lava"},{"x":2800,"y":752,"texture":"level1_block_lava"},{"x":2800,"y":752,"texture":"level1_block_lava"},{"x":2800,"y":752,"texture":"level1_block_lava"},{"x":2800,"y":752,"texture":"level1_block_lava"},{"x":2800,"y":752,"texture":"level1_block_lava"},{"x":2800,"y":752,"texture":"level1_block_lava"},{"x":2800,"y":752,"texture":"level1_block_lava"},{"x":2800,"y":752,"texture":"level1_block_lava"},{"x":2768,"y":752,"texture":"level1_block_lava"},{"x":2768,"y":752,"texture":"level1_block_lava"},{"x":2768,"y":752,"texture":"level1_block_lava"},{"x":2768,"y":752,"texture":"level1_block_lava"},{"x":2768,"y":752,"texture":"level1_block_lava"},{"x":2768,"y":752,"texture":"level1_block_lava"},{"x":2768,"y":752,"texture":"level1_block_lava"},{"x":2768,"y":752,"texture":"level1_block_lava"},{"x":2768,"y":752,"texture":"level1_block_lava"},{"x":2768,"y":752,"texture":"level1_block_lava"},{"x":2768,"y":752,"texture":"level1_block_lava"},{"x":2768,"y":752,"texture":"level1_block_lava"},{"x":2768,"y":752,"texture":"level1_block_lava"},{"x":2768,"y":752,"texture":"level1_block_lava"},{"x":2736,"y":752,"texture":"level1_block_lava"},{"x":2736,"y":752,"texture":"level1_block_lava"},{"x":2736,"y":752,"texture":"level1_block_lava"},{"x":2736,"y":752,"texture":"level1_block_lava"},{"x":2736,"y":752,"texture":"level1_block_lava"},{"x":2736,"y":752,"texture":"level1_block_lava"},{"x":2736,"y":752,"texture":"level1_block_lava"},{"x":2736,"y":752,"texture":"level1_block_lava"},{"x":2736,"y":752,"texture":"level1_block_lava"},{"x":2736,"y":752,"texture":"level1_block_lava"},{"x":2736,"y":752,"texture":"level1_block_lava"},{"x":2736,"y":752,"texture":"level1_block_lava"},{"x":2736,"y":752,"texture":"level1_block_lava"},{"x":2704,"y":752,"texture":"level1_block_lava"},{"x":2704,"y":752,"texture":"level1_block_lava"},{"x":2704,"y":752,"texture":"level1_block_lava"},{"x":2704,"y":752,"texture":"level1_block_lava"},{"x":2704,"y":752,"texture":"level1_block_lava"},{"x":2704,"y":752,"texture":"level1_block_lava"},{"x":2704,"y":752,"texture":"level1_block_lava"},{"x":2704,"y":752,"texture":"level1_block_lava"},{"x":2704,"y":752,"texture":"level1_block_lava"},{"x":2736,"y":752,"texture":"level1_block_lava"},{"x":2736,"y":752,"texture":"level1_block_lava"},{"x":2736,"y":752,"texture":"level1_block_lava"},{"x":2736,"y":752,"texture":"level1_block_lava"},{"x":2768,"y":752,"texture":"level1_block_lava"},{"x":2768,"y":752,"texture":"level1_block_lava"},{"x":2768,"y":752,"texture":"level1_block_lava"},{"x":2768,"y":752,"texture":"level1_block_lava"},{"x":2768,"y":752,"texture":"level1_block_lava"},{"x":2768,"y":752,"texture":"level1_block_lava"},{"x":2768,"y":752,"texture":"level1_block_lava"},{"x":2768,"y":752,"texture":"level1_block_lava"},{"x":2768,"y":752,"texture":"level1_block_lava"},{"x":2768,"y":752,"texture":"level1_block_lava"},{"x":2768,"y":752,"texture":"level1_block_lava"},{"x":2768,"y":752,"texture":"level1_block_lava"},{"x":2768,"y":752,"texture":"level1_block_lava"},{"x":2768,"y":752,"texture":"level1_block_lava"},{"x":2768,"y":752,"texture":"level1_block_lava"},{"x":2768,"y":752,"texture":"level1_block_lava"},{"x":2832,"y":752,"texture":"level1_block_lava"},{"x":2832,"y":752,"texture":"level1_block_lava"},{"x":2832,"y":752,"texture":"level1_block_lava"},{"x":2832,"y":752,"texture":"level1_block_lava"},{"x":2832,"y":752,"texture":"level1_block_lava"},{"x":2832,"y":752,"texture":"level1_block_lava"},{"x":2832,"y":752,"texture":"level1_block_lava"},{"x":2832,"y":752,"texture":"level1_block_lava"},{"x":2832,"y":752,"texture":"level1_block_lava"},{"x":2832,"y":752,"texture":"level1_block_lava"},{"x":2832,"y":752,"texture":"level1_block_lava"},{"x":2896,"y":752,"texture":"level1_block_lava"},{"x":2896,"y":752,"texture":"level1_block_lava"},{"x":2896,"y":752,"texture":"level1_block_lava"},{"x":2928,"y":752,"texture":"level1_block_lava"},{"x":2928,"y":752,"texture":"level1_block_lava"},{"x":2928,"y":752,"texture":"level1_block_lava"},{"x":2960,"y":752,"texture":"level1_block_lava"},{"x":2960,"y":752,"texture":"level1_block_lava"},{"x":2960,"y":752,"texture":"level1_block_lava"},{"x":2960,"y":752,"texture":"level1_block_lava"},{"x":2992,"y":752,"texture":"level1_block_lava"},{"x":2992,"y":752,"texture":"level1_block_lava"},{"x":2992,"y":752,"texture":"level1_block_lava"},{"x":3024,"y":752,"texture":"level1_block_lava"},{"x":3024,"y":752,"texture":"level1_block_lava"},{"x":3056,"y":752,"texture":"level1_block_lava"},{"x":3056,"y":752,"texture":"level1_block_lava"},{"x":3056,"y":752,"texture":"level1_block_lava"},{"x":3056,"y":752,"texture":"level1_block_lava"},{"x":3088,"y":752,"texture":"level1_block_lava"},{"x":3088,"y":752,"texture":"level1_block_lava"},{"x":3088,"y":752,"texture":"level1_block_lava"},{"x":3120,"y":752,"texture":"level1_block_lava"},{"x":3184,"y":752,"texture":"level1_block_lava"},{"x":3184,"y":752,"texture":"level1_block_lava"},{"x":3216,"y":752,"texture":"level1_block_lava"},{"x":3216,"y":752,"texture":"level1_block_lava"},{"x":3216,"y":752,"texture":"level1_block_lava"},{"x":3216,"y":752,"texture":"level1_block_lava"},{"x":3216,"y":752,"texture":"level1_block_lava"},{"x":3216,"y":752,"texture":"level1_block_lava"},{"x":3216,"y":752,"texture":"level1_block_lava"},{"x":3216,"y":752,"texture":"level1_block_lava"},{"x":3216,"y":752,"texture":"level1_block_lava"},{"x":3216,"y":752,"texture":"level1_block_lava"},{"x":3216,"y":752,"texture":"level1_block_lava"},{"x":3216,"y":752,"texture":"level1_block_lava"},{"x":3216,"y":752,"texture":"level1_block_lava"},{"x":3216,"y":752,"texture":"level1_block_lava"},{"x":3216,"y":752,"texture":"level1_block_lava"},{"x":3216,"y":752,"texture":"level1_block_lava"},{"x":3248,"y":752,"texture":"level1_block_lava"},{"x":3248,"y":752,"texture":"level1_block_lava"},{"x":3248,"y":752,"texture":"level1_block_lava"},{"x":3216,"y":752,"texture":"level1_block_lava"},{"x":3216,"y":752,"texture":"level1_block_lava"},{"x":3216,"y":752,"texture":"level1_block_lava"},{"x":3216,"y":752,"texture":"level1_block_lava"},{"x":3216,"y":752,"texture":"level1_block_lava"},{"x":3216,"y":752,"texture":"level1_block_lava"},{"x":3216,"y":752,"texture":"level1_block_lava"},{"x":3216,"y":752,"texture":"level1_block_lava"},{"x":3216,"y":752,"texture":"level1_block_lava"},{"x":3216,"y":752,"texture":"level1_block_lava"},{"x":3152,"y":752,"texture":"level1_block_lava"},{"x":3152,"y":752,"texture":"level1_block_lava"},{"x":3120,"y":752,"texture":"level1_block_lava"},{"x":3120,"y":752,"texture":"level1_block_lava"},{"x":3120,"y":752,"texture":"level1_block_lava"},{"x":3120,"y":752,"texture":"level1_block_lava"},{"x":3120,"y":752,"texture":"level1_block_lava"},{"x":3120,"y":752,"texture":"level1_block_lava"},{"x":3120,"y":752,"texture":"level1_block_lava"},{"x":3120,"y":752,"texture":"level1_block_lava"},{"x":3120,"y":752,"texture":"level1_block_lava"},{"x":3120,"y":752,"texture":"level1_block_lava"},{"x":3120,"y":752,"texture":"level1_block_lava"},{"x":3120,"y":752,"texture":"level1_block_lava"},{"x":3120,"y":752,"texture":"level1_block_lava"},{"x":3120,"y":752,"texture":"level1_block_lava"},{"x":3344,"y":752,"texture":"level1_block_lava"},{"x":3344,"y":752,"texture":"level1_block_lava"},{"x":3376,"y":752,"texture":"level1_block_lava"},{"x":3376,"y":752,"texture":"level1_block_lava"},{"x":3376,"y":752,"texture":"level1_block_lava"},{"x":3376,"y":752,"texture":"level1_block_lava"},{"x":3376,"y":752,"texture":"level1_block_lava"},{"x":3376,"y":752,"texture":"level1_block_lava"},{"x":3376,"y":752,"texture":"level1_block_lava"},{"x":3376,"y":752,"texture":"level1_block_lava"},{"x":3376,"y":752,"texture":"level1_block_lava"},{"x":3376,"y":752,"texture":"level1_block_lava"},{"x":3376,"y":752,"texture":"level1_block_lava"},{"x":3376,"y":752,"texture":"level1_block_lava"},{"x":3344,"y":752,"texture":"level1_block_lava"},{"x":3344,"y":752,"texture":"level1_block_lava"},{"x":3344,"y":752,"texture":"level1_block_lava"},{"x":3344,"y":752,"texture":"level1_block_lava"},{"x":3344,"y":752,"texture":"level1_block_lava"},{"x":3344,"y":752,"texture":"level1_block_lava"},{"x":3344,"y":752,"texture":"level1_block_lava"},{"x":3344,"y":752,"texture":"level1_block_lava"},{"x":3312,"y":752,"texture":"level1_block_lava"},{"x":3312,"y":752,"texture":"level1_block_lava"},{"x":3312,"y":752,"texture":"level1_block_lava"},{"x":3312,"y":752,"texture":"level1_block_lava"},{"x":3312,"y":752,"texture":"level1_block_lava"},{"x":3312,"y":752,"texture":"level1_block_lava"},{"x":3312,"y":752,"texture":"level1_block_lava"},{"x":3312,"y":752,"texture":"level1_block_lava"},{"x":3312,"y":752,"texture":"level1_block_lava"},{"x":3312,"y":752,"texture":"level1_block_lava"},{"x":3312,"y":752,"texture":"level1_block_lava"},{"x":3312,"y":752,"texture":"level1_block_lava"},{"x":3312,"y":752,"texture":"level1_block_lava"},{"x":3280,"y":752,"texture":"level1_block_lava"},{"x":3280,"y":752,"texture":"level1_block_lava"},{"x":3280,"y":752,"texture":"level1_block_lava"},{"x":3280,"y":752,"texture":"level1_block_lava"},{"x":3280,"y":752,"texture":"level1_block_lava"},{"x":3280,"y":752,"texture":"level1_block_lava"},{"x":3280,"y":752,"texture":"level1_block_lava"},{"x":3280,"y":752,"texture":"level1_block_lava"},{"x":3280,"y":752,"texture":"level1_block_lava"},{"x":3280,"y":752,"texture":"level1_block_lava"},{"x":3280,"y":752,"texture":"level1_block_lava"},{"x":3280,"y":752,"texture":"level1_block_lava"},{"x":3280,"y":752,"texture":"level1_block_lava"},{"x":3280,"y":752,"texture":"level1_block_lava"},{"x":3280,"y":752,"texture":"level1_block_lava"},{"x":3280,"y":752,"texture":"level1_block_lava"},{"x":3280,"y":752,"texture":"level1_block_lava"},{"x":3312,"y":752,"texture":"level1_block_lava"},{"x":3312,"y":752,"texture":"level1_block_lava"},{"x":3344,"y":752,"texture":"level1_block_lava"},{"x":3344,"y":752,"texture":"level1_block_lava"},{"x":3344,"y":752,"texture":"level1_block_lava"},{"x":3376,"y":752,"texture":"level1_block_lava"},{"x":3376,"y":752,"texture":"level1_block_lava"},{"x":3440,"y":752,"texture":"level1_block_lava"},{"x":3440,"y":752,"texture":"level1_block_lava"},{"x":3472,"y":752,"texture":"level1_block_lava"},{"x":3504,"y":752,"texture":"level1_block_lava"},{"x":3504,"y":752,"texture":"level1_block_lava"},{"x":3504,"y":752,"texture":"level1_block_lava"},{"x":3504,"y":752,"texture":"level1_block_lava"},{"x":3504,"y":752,"texture":"level1_block_lava"},{"x":3536,"y":752,"texture":"level1_block_lava"},{"x":3536,"y":752,"texture":"level1_block_lava"},{"x":3568,"y":752,"texture":"level1_block_lava"},{"x":3568,"y":752,"texture":"level1_block_lava"},{"x":3600,"y":752,"texture":"level1_block_lava"},{"x":3600,"y":752,"texture":"level1_block_lava"},{"x":3600,"y":752,"texture":"level1_block_lava"},{"x":3632,"y":752,"texture":"level1_block_lava"},{"x":3632,"y":752,"texture":"level1_block_lava"},{"x":3664,"y":752,"texture":"level1_block_lava"},{"x":3664,"y":752,"texture":"level1_block_lava"},{"x":3696,"y":752,"texture":"level1_block_lava"},{"x":3696,"y":752,"texture":"level1_block_lava"},{"x":3728,"y":752,"texture":"level1_block_lava"},{"x":3696,"y":752,"texture":"level1_block_lava"},{"x":3696,"y":752,"texture":"level1_block_lava"},{"x":3696,"y":752,"texture":"level1_block_lava"},{"x":3664,"y":752,"texture":"level1_block_lava"},{"x":3664,"y":752,"texture":"level1_block_lava"},{"x":3664,"y":752,"texture":"level1_block_lava"},{"x":3664,"y":752,"texture":"level1_block_lava"},{"x":3664,"y":752,"texture":"level1_block_lava"},{"x":3664,"y":752,"texture":"level1_block_lava"},{"x":3664,"y":752,"texture":"level1_block_lava"},{"x":3664,"y":752,"texture":"level1_block_lava"},{"x":3664,"y":752,"texture":"level1_block_lava"},{"x":3632,"y":752,"texture":"level1_block_lava"},{"x":3632,"y":752,"texture":"level1_block_lava"},{"x":3632,"y":752,"texture":"level1_block_lava"},{"x":3632,"y":752,"texture":"level1_block_lava"},{"x":3600,"y":752,"texture":"level1_block_lava"},{"x":3600,"y":752,"texture":"level1_block_lava"},{"x":3600,"y":752,"texture":"level1_block_lava"},{"x":3600,"y":752,"texture":"level1_block_lava"},{"x":3600,"y":752,"texture":"level1_block_lava"},{"x":3600,"y":752,"texture":"level1_block_lava"},{"x":3600,"y":752,"texture":"level1_block_lava"},{"x":3600,"y":752,"texture":"level1_block_lava"},{"x":3568,"y":752,"texture":"level1_block_lava"},{"x":3568,"y":752,"texture":"level1_block_lava"},{"x":3568,"y":752,"texture":"level1_block_lava"},{"x":3568,"y":752,"texture":"level1_block_lava"},{"x":3568,"y":752,"texture":"level1_block_lava"},{"x":3568,"y":752,"texture":"level1_block_lava"},{"x":3568,"y":752,"texture":"level1_block_lava"},{"x":3536,"y":752,"texture":"level1_block_lava"},{"x":3536,"y":752,"texture":"level1_block_lava"},{"x":3536,"y":752,"texture":"level1_block_lava"},{"x":3536,"y":752,"texture":"level1_block_lava"},{"x":3536,"y":752,"texture":"level1_block_lava"},{"x":3504,"y":752,"texture":"level1_block_lava"},{"x":3504,"y":752,"texture":"level1_block_lava"},{"x":3504,"y":752,"texture":"level1_block_lava"},{"x":3504,"y":752,"texture":"level1_block_lava"},{"x":3504,"y":752,"texture":"level1_block_lava"},{"x":3504,"y":752,"texture":"level1_block_lava"},{"x":3504,"y":752,"texture":"level1_block_lava"},{"x":3504,"y":752,"texture":"level1_block_lava"},{"x":3504,"y":752,"texture":"level1_block_lava"},{"x":3472,"y":752,"texture":"level1_block_lava"},{"x":3472,"y":752,"texture":"level1_block_lava"},{"x":3472,"y":752,"texture":"level1_block_lava"},{"x":3472,"y":752,"texture":"level1_block_lava"},{"x":3472,"y":752,"texture":"level1_block_lava"},{"x":3472,"y":752,"texture":"level1_block_lava"},{"x":3408,"y":752,"texture":"level1_block_lava"},{"x":3408,"y":752,"texture":"level1_block_lava"},{"x":3376,"y":752,"texture":"level1_block_lava"},{"x":3376,"y":752,"texture":"level1_block_lava"},{"x":3376,"y":752,"texture":"level1_block_lava"},{"x":3376,"y":752,"texture":"level1_block_lava"},{"x":3376,"y":752,"texture":"level1_block_lava"},{"x":3376,"y":752,"texture":"level1_block_lava"},{"x":3408,"y":752,"texture":"level1_block_lava"},{"x":3408,"y":752,"texture":"level1_block_lava"},{"x":3408,"y":752,"texture":"level1_block_lava"},{"x":3408,"y":752,"texture":"level1_block_lava"},{"x":3408,"y":752,"texture":"level1_block_lava"},{"x":3408,"y":752,"texture":"level1_block_lava"},{"x":3408,"y":752,"texture":"level1_block_lava"},{"x":3408,"y":752,"texture":"level1_block_lava"},{"x":3408,"y":752,"texture":"level1_block_lava"},{"x":3408,"y":752,"texture":"level1_block_lava"},{"x":3408,"y":752,"texture":"level1_block_lava"},{"x":3408,"y":752,"texture":"level1_block_lava"},{"x":3408,"y":752,"texture":"level1_block_lava"},{"x":3408,"y":752,"texture":"level1_block_lava"},{"x":3440,"y":752,"texture":"level1_block_lava"},{"x":3440,"y":752,"texture":"level1_block_lava"},{"x":3440,"y":752,"texture":"level1_block_lava"},{"x":3440,"y":752,"texture":"level1_block_lava"},{"x":3472,"y":752,"texture":"level1_block_lava"},{"x":3472,"y":752,"texture":"level1_block_lava"},{"x":3472,"y":752,"texture":"level1_block_lava"},{"x":3472,"y":752,"texture":"level1_block_lava"},{"x":3472,"y":752,"texture":"level1_block_lava"},{"x":3472,"y":752,"texture":"level1_block_lava"},{"x":3472,"y":752,"texture":"level1_block_lava"},{"x":3472,"y":752,"texture":"level1_block_lava"},{"x":3472,"y":752,"texture":"level1_block_lava"},{"x":3472,"y":752,"texture":"level1_block_lava"},{"x":3472,"y":752,"texture":"level1_block_lava"},{"x":3472,"y":752,"texture":"level1_block_lava"},{"x":3472,"y":752,"texture":"level1_block_lava"},{"x":3472,"y":752,"texture":"level1_block_lava"},{"x":3472,"y":752,"texture":"level1_block_lava"},{"x":3568,"y":752,"texture":"level1_block_lava"},{"x":3568,"y":752,"texture":"level1_block_lava"},{"x":3568,"y":752,"texture":"level1_block_lava"},{"x":3568,"y":752,"texture":"level1_block_lava"},{"x":3568,"y":752,"texture":"level1_block_lava"},{"x":3632,"y":752,"texture":"level1_block_lava"},{"x":3632,"y":752,"texture":"level1_block_lava"},{"x":3664,"y":752,"texture":"level1_block_lava"},{"x":3664,"y":752,"texture":"level1_block_lava"},{"x":3664,"y":752,"texture":"level1_block_lava"},{"x":3664,"y":752,"texture":"level1_block_lava"},{"x":3664,"y":752,"texture":"level1_block_lava"}],"stars":[{"x":204,"y":708.5080925501308,"texture":"level1_star"},{"x":204,"y":686.525705431391,"texture":"level1_star"},{"x":228,"y":719.7593250587188,"texture":"level1_star"},{"x":252,"y":713.3406481595089,"texture":"level1_star"},{"x":252,"y":710.4655922640399,"texture":"level1_star"},{"x":252,"y":721.8125323759596,"texture":"level1_star"},{"x":252,"y":716.2685473471597,"texture":"level1_star"},{"x":252,"y":723.5323132639829,"texture":"level1_star"}],"bossDoors":[{"x":48,"y":48,"texture":"level1_boss_door"}]}