{"platforms":[{"x":16,"y":752,"texture":"level1_block_middle"},{"x":48,"y":752,"texture":"level1_block_middle"},{"x":80,"y":752,"texture":"level1_block_middle"},{"x":112,"y":752,"texture":"level1_block_middle"},{"x":144,"y":752,"texture":"level1_block_middle"},{"x":208,"y":752,"texture":"level1_block_middle"},{"x":176,"y":752,"texture":"level1_block_middle"},{"x":240,"y":752,"texture":"level1_block_middle"},{"x":272,"y":752,"texture":"level1_block_middle"},{"x":304,"y":752,"texture":"level1_block_middle"},{"x":336,"y":752,"texture":"level1_block_middle"},{"x":368,"y":752,"texture":"level1_block_middle"},{"x":400,"y":752,"texture":"level1_block_middle"},{"x":432,"y":752,"texture":"level1_block_middle"},{"x":464,"y":752,"texture":"level1_block_middle"},{"x":496,"y":752,"texture":"level1_block_middle"},{"x":528,"y":752,"texture":"level1_block_middle"},{"x":592,"y":752,"texture":"level1_block_middle"},{"x":560,"y":752,"texture":"level1_block_middle"},{"x":912,"y":656,"texture":"level1_block_middle"},{"x":944,"y":656,"texture":"level1_block_middle"},{"x":976,"y":656,"texture":"level1_block_middle"},{"x":1328,"y":560,"texture":"level1_block_middle"},{"x":1360,"y":560,"texture":"level1_block_middle"},{"x":1392,"y":560,"texture":"level1_block_middle"},{"x":1904,"y":496,"texture":"level1_block_middle"},{"x":1936,"y":496,"texture":"level1_block_middle"},{"x":1968,"y":496,"texture":"level1_block_middle"},{"x":2448,"y":496,"texture":"level1_block_left"},{"x":2480,"y":496,"texture":"level1_block_middle"},{"x":2480,"y":528,"texture":"level1_block_middle"},{"x":2480,"y":560,"texture":"level1_block_middle"},{"x":2480,"y":592,"texture":"level1_block_middle"},{"x":2512,"y":592,"texture":"level1_block_middle"},{"x":2576,"y":592,"texture":"level1_block_middle"},{"x":2544,"y":592,"texture":"level1_block_middle"},{"x":2608,"y":592,"texture":"level1_block_middle"},{"x":2640,"y":592,"texture":"level1_block_middle"},{"x":2672,"y":592,"texture":"level1_block_middle"},{"x":2672,"y":560,"texture":"level1_block_middle"},{"x":2672,"y":528,"texture":"level1_block_middle"},{"x":2672,"y":496,"texture":"level1_block_middle"},{"x":2704,"y":496,"texture":"level1_block_right"},{"x":2896,"y":16,"texture":"level1_block_middle"},{"x":2896,"y":80,"texture":"level1_block_middle"},{"x":2896,"y":48,"texture":"level1_block_middle"},{"x":2896,"y":112,"texture":"level1_block_middle"},{"x":2896,"y":144,"texture":"level1_block_middle"},{"x":2896,"y":176,"texture":"level1_block_middle"},{"x":2896,"y":240,"texture":"level1_block_middle"},{"x":2896,"y":208,"texture":"level1_block_middle"},{"x":2896,"y":272,"texture":"level1_block_middle"},{"x":2896,"y":336,"texture":"level1_block_middle"},{"x":2896,"y":304,"texture":"level1_block_middle"},{"x":2896,"y":368,"texture":"level1_block_middle"},{"x":2896,"y":400,"texture":"level1_block_middle"},{"x":2896,"y":464,"texture":"level1_block_middle"},{"x":2896,"y":432,"texture":"level1_block_middle"},{"x":2896,"y":496,"texture":"level1_block_middle"},{"x":2896,"y":528,"texture":"level1_block_middle"},{"x":2896,"y":592,"texture":"level1_block_middle"},{"x":2896,"y":560,"texture":"level1_block_middle"},{"x":2896,"y":656,"texture":"level1_block_middle"},{"x":2896,"y":624,"texture":"level1_block_middle"},{"x":2928,"y":656,"texture":"level1_block_middle"},{"x":2960,"y":656,"texture":"level1_block_middle"},{"x":2992,"y":656,"texture":"level1_block_middle"},{"x":3024,"y":656,"texture":"level1_block_middle"},{"x":3056,"y":656,"texture":"level1_block_middle"},{"x":3088,"y":656,"texture":"level1_block_middle"},{"x":3120,"y":656,"texture":"level1_block_middle"},{"x":3280,"y":656,"texture":"level1_block_middle"},{"x":3312,"y":656,"texture":"level1_block_middle"},{"x":3344,"y":656,"texture":"level1_block_middle"},{"x":3376,"y":656,"texture":"level1_block_middle"},{"x":3504,"y":656,"texture":"level1_block_middle"},{"x":3472,"y":656,"texture":"level1_block_middle"},{"x":3408,"y":656,"texture":"level1_block_middle"},{"x":3440,"y":656,"texture":"level1_block_middle"},{"x":3568,"y":656,"texture":"level1_block_middle"},{"x":3536,"y":656,"texture":"level1_block_middle"},{"x":3600,"y":656,"texture":"level1_block_middle"},{"x":3632,"y":656,"texture":"level1_block_middle"},{"x":3664,"y":656,"texture":"level1_block_middle"},{"x":3728,"y":656,"texture":"level1_block_middle"},{"x":3696,"y":656,"texture":"level1_block_middle"},{"x":3792,"y":656,"texture":"level1_block_middle"},{"x":3760,"y":656,"texture":"level1_block_middle"},{"x":3824,"y":656,"texture":"level1_block_middle"},{"x":3856,"y":656,"texture":"level1_block_middle"},{"x":3920,"y":656,"texture":"level1_block_middle"},{"x":3888,"y":656,"texture":"level1_block_middle"},{"x":3952,"y":656,"texture":"level1_block_middle"},{"x":3984,"y":656,"texture":"level1_block_middle"},{"x":4016,"y":656,"texture":"level1_block_middle"},{"x":4048,"y":656,"texture":"level1_block_middle"},{"x":4080,"y":656,"texture":"level1_block_middle"},{"x":4112,"y":656,"texture":"level1_block_middle"},{"x":3248,"y":656,"texture":"level1_block_left"},{"x":3280,"y":624,"texture":"level1_block_middle"},{"x":3280,"y":592,"texture":"level1_block_middle"},{"x":3280,"y":560,"texture":"level1_block_middle"},{"x":3280,"y":496,"texture":"level1_block_middle"},{"x":3280,"y":528,"texture":"level1_block_middle"},{"x":3248,"y":496,"texture":"level1_block_middle"},{"x":3184,"y":496,"texture":"level1_block_middle"},{"x":3152,"y":496,"texture":"level1_block_middle"},{"x":3088,"y":496,"texture":"level1_block_middle"},{"x":3216,"y":496,"texture":"level1_block_middle"},{"x":3120,"y":496,"texture":"level1_block_middle"},{"x":3056,"y":496,"texture":"level1_block_middle"},{"x":3024,"y":496,"texture":"level1_block_middle"},{"x":2992,"y":496,"texture":"level1_block_middle"},{"x":2928,"y":496,"texture":"level1_block_middle"},{"x":2960,"y":496,"texture":"level1_block_middle"},{"x":4144,"y":752,"texture":"level1_block_middle"},{"x":4176,"y":752,"texture":"level1_block_middle"},{"x":4240,"y":752,"texture":"level1_block_middle"},{"x":4208,"y":752,"texture":"level1_block_middle"},{"x":4272,"y":752,"texture":"level1_block_middle"},{"x":4144,"y":656,"texture":"level1_block_middle"},{"x":4144,"y":624,"texture":"level1_block_middle"},{"x":4144,"y":592,"texture":"level1_block_middle"},{"x":4144,"y":560,"texture":"level1_block_middle"},{"x":4144,"y":496,"texture":"level1_block_middle"},{"x":4144,"y":528,"texture":"level1_block_middle"},{"x":4144,"y":464,"texture":"level1_block_middle"},{"x":4144,"y":432,"texture":"level1_block_middle"},{"x":4144,"y":368,"texture":"level1_block_middle"},{"x":4144,"y":400,"texture":"level1_block_middle"},{"x":4144,"y":336,"texture":"level1_block_middle"},{"x":4144,"y":272,"texture":"level1_block_middle"},{"x":4144,"y":304,"texture":"level1_block_middle"},{"x":4144,"y":240,"texture":"level1_block_middle"},{"x":4144,"y":208,"texture":"level1_block_middle"},{"x":4144,"y":176,"texture":"level1_block_middle"},{"x":4144,"y":144,"texture":"level1_block_middle"},{"x":4144,"y":80,"texture":"level1_block_middle"},{"x":4144,"y":112,"texture":"level1_block_middle"},{"x":4144,"y":48,"texture":"level1_block_middle"},{"x":4144,"y":16,"texture":"level1_block_middle"},{"x":4208,"y":16,"texture":"level1_block_middle"},{"x":4176,"y":16,"texture":"level1_block_middle"},{"x":4240,"y":16,"texture":"level1_block_middle"},{"x":4304,"y":16,"texture":"level1_block_middle"},{"x":4272,"y":720,"texture":"level1_block_middle"},{"x":4272,"y":688,"texture":"level1_block_middle"},{"x":4272,"y":624,"texture":"level1_block_middle"},{"x":4272,"y":656,"texture":"level1_block_middle"},{"x":4272,"y":592,"texture":"level1_block_middle"},{"x":4272,"y":560,"texture":"level1_block_middle"},{"x":4272,"y":528,"texture":"level1_block_middle"},{"x":4272,"y":464,"texture":"level1_block_middle"},{"x":4272,"y":432,"texture":"level1_block_middle"},{"x":4272,"y":496,"texture":"level1_block_middle"},{"x":4272,"y":400,"texture":"level1_block_middle"},{"x":4272,"y":336,"texture":"level1_block_middle"},{"x":4272,"y":368,"texture":"level1_block_middle"},{"x":4272,"y":272,"texture":"level1_block_middle"},{"x":4272,"y":304,"texture":"level1_block_middle"},{"x":4272,"y":240,"texture":"level1_block_middle"},{"x":4272,"y":208,"texture":"level1_block_middle"},{"x":4272,"y":144,"texture":"level1_block_middle"},{"x":4272,"y":176,"texture":"level1_block_middle"},{"x":4432,"y":144,"texture":"level1_block_middle"},{"x":4432,"y":176,"texture":"level1_block_middle"},{"x":4400,"y":176,"texture":"level1_block_middle"},{"x":4336,"y":176,"texture":"level1_block_middle"},{"x":4304,"y":176,"texture":"level1_block_middle"},{"x":4368,"y":176,"texture":"level1_block_middle"},{"x":4272,"y":16,"texture":"level1_block_middle"},{"x":4336,"y":16,"texture":"level1_block_middle"},{"x":4400,"y":16,"texture":"level1_block_middle"},{"x":4432,"y":16,"texture":"level1_block_middle"},{"x":4368,"y":16,"texture":"level1_block_middle"},{"x":4464,"y":16,"texture":"level1_block_middle"},{"x":4528,"y":16,"texture":"level1_block_middle"},{"x":4496,"y":16,"texture":"level1_block_middle"},{"x":4528,"y":48,"texture":"level1_block_middle"},{"x":4528,"y":80,"texture":"level1_block_middle"},{"x":4528,"y":144,"texture":"level1_block_middle"},{"x":4528,"y":112,"texture":"level1_block_middle"},{"x":4528,"y":176,"texture":"level1_block_middle"},{"x":4528,"y":240,"texture":"level1_block_middle"},{"x":4528,"y":208,"texture":"level1_block_middle"},{"x":4528,"y":272,"texture":"level1_block_middle"},{"x":4496,"y":272,"texture":"level1_block_middle"},{"x":4464,"y":272,"texture":"level1_block_middle"},{"x":4432,"y":272,"texture":"level1_block_middle"},{"x":4368,"y":272,"texture":"level1_block_middle"},{"x":4400,"y":272,"texture":"level1_block_middle"},{"x":4368,"y":304,"texture":"level1_block_middle"},{"x":4368,"y":368,"texture":"level1_block_middle"},{"x":4368,"y":336,"texture":"level1_block_middle"},{"x":4368,"y":464,"texture":"level1_block_middle"},{"x":4368,"y":400,"texture":"level1_block_middle"},{"x":4368,"y":432,"texture":"level1_block_middle"},{"x":4368,"y":496,"texture":"level1_block_middle"},{"x":4368,"y":528,"texture":"level1_block_middle"},{"x":4368,"y":592,"texture":"level1_block_middle"},{"x":4368,"y":560,"texture":"level1_block_middle"},{"x":4368,"y":624,"texture":"level1_block_middle"},{"x":4368,"y":656,"texture":"level1_block_middle"},{"x":4304,"y":752,"texture":"level1_block_middle"},{"x":4336,"y":752,"texture":"level1_block_middle"},{"x":4368,"y":752,"texture":"level1_block_middle"},{"x":4400,"y":752,"texture":"level1_block_middle"},{"x":4464,"y":752,"texture":"level1_block_middle"},{"x":4496,"y":752,"texture":"level1_block_middle"},{"x":4528,"y":752,"texture":"level1_block_middle"},{"x":4592,"y":752,"texture":"level1_block_middle"},{"x":4560,"y":752,"texture":"level1_block_middle"},{"x":4624,"y":752,"texture":"level1_block_middle"},{"x":4176,"y":528,"texture":"level1_block_right"},{"x":4752,"y":496,"texture":"level1_block_middle"},{"x":4784,"y":496,"texture":"level1_block_middle"},{"x":4816,"y":496,"texture":"level1_block_middle"},{"x":5136,"y":528,"texture":"level1_block_middle"},{"x":5200,"y":528,"texture":"level1_block_middle"},{"x":5168,"y":528,"texture":"level1_block_middle"},{"x":5360,"y":528,"texture":"level1_block_middle"},{"x":5392,"y":528,"texture":"level1_block_middle"},{"x":5424,"y":528,"texture":"level1_block_middle"},{"x":5584,"y":528,"texture":"level1_block_middle"},{"x":5616,"y":528,"texture":"level1_block_middle"},{"x":5648,"y":528,"texture":"level1_block_middle"},{"x":5680,"y":528,"texture":"level1_block_middle"},{"x":5840,"y":528,"texture":"level1_block_middle"},{"x":5872,"y":528,"texture":"level1_block_middle"},{"x":5936,"y":528,"texture":"level1_block_middle"},{"x":5904,"y":528,"texture":"level1_block_middle"},{"x":5968,"y":528,"texture":"level1_block_middle"},{"x":6320,"y":528,"texture":"level1_block_middle"},{"x":6352,"y":528,"texture":"level1_block_middle"},{"x":6288,"y":528,"texture":"level1_block_middle"},{"x":4816,"y":528,"texture":"level1_block_middle"},{"x":4784,"y":528,"texture":"level1_block_middle"},{"x":4720,"y":528,"texture":"level1_block_middle"},{"x":4752,"y":528,"texture":"level1_block_middle"},{"x":4688,"y":528,"texture":"level1_block_middle"},{"x":4688,"y":560,"texture":"level1_block_middle"},{"x":4688,"y":592,"texture":"level1_block_middle"},{"x":4688,"y":624,"texture":"level1_block_middle"},{"x":4688,"y":656,"texture":"level1_block_middle"},{"x":4688,"y":688,"texture":"level1_block_middle"},{"x":4688,"y":752,"texture":"level1_block_middle"},{"x":4688,"y":720,"texture":"level1_block_middle"},{"x":4656,"y":752,"texture":"level1_block_middle"},{"x":7184,"y":752,"texture":"level1_block_middle"},{"x":7184,"y":720,"texture":"level1_block_middle"},{"x":7216,"y":720,"texture":"level1_block_middle"},{"x":7248,"y":720,"texture":"level1_block_middle"},{"x":7216,"y":752,"texture":"level1_block_middle"},{"x":7248,"y":752,"texture":"level1_block_middle"},{"x":4240,"y":208,"texture":"level1_block_left"},{"x":6256,"y":496,"texture":"level1_block_middle"},{"x":6224,"y":496,"texture":"level1_block_middle"},{"x":6832,"y":720,"texture":"level1_block_middle"},{"x":7280,"y":720,"texture":"level1_block_middle"},{"x":7344,"y":720,"texture":"level1_block_middle"},{"x":7312,"y":720,"texture":"level1_block_middle"},{"x":7376,"y":720,"texture":"level1_block_middle"},{"x":7440,"y":720,"texture":"level1_block_middle"},{"x":7408,"y":720,"texture":"level1_block_middle"},{"x":7472,"y":720,"texture":"level1_block_middle"},{"x":7536,"y":720,"texture":"level1_block_middle"},{"x":7504,"y":720,"texture":"level1_block_middle"},{"x":7600,"y":720,"texture":"level1_block_middle"},{"x":7568,"y":720,"texture":"level1_block_middle"},{"x":7664,"y":720,"texture":"level1_block_middle"},{"x":7632,"y":720,"texture":"level1_block_middle"},{"x":7600,"y":688,"texture":"level1_block_middle"},{"x":7632,"y":688,"texture":"level1_block_middle"},{"x":7696,"y":688,"texture":"level1_block_middle"},{"x":7664,"y":688,"texture":"level1_block_middle"},{"x":7696,"y":720,"texture":"level1_block_middle"},{"x":7696,"y":656,"texture":"level1_block_middle"},{"x":7696,"y":592,"texture":"level1_block_middle"},{"x":7696,"y":624,"texture":"level1_block_middle"},{"x":7696,"y":528,"texture":"level1_block_middle"},{"x":7696,"y":560,"texture":"level1_block_middle"},{"x":7696,"y":496,"texture":"level1_block_middle"},{"x":7696,"y":464,"texture":"level1_block_middle"},{"x":7696,"y":432,"texture":"level1_block_middle"},{"x":7696,"y":368,"texture":"level1_block_middle"},{"x":7696,"y":400,"texture":"level1_block_middle"},{"x":7696,"y":336,"texture":"level1_block_middle"},{"x":7696,"y":272,"texture":"level1_block_middle"},{"x":7696,"y":304,"texture":"level1_block_middle"},{"x":7696,"y":240,"texture":"level1_block_middle"},{"x":7696,"y":208,"texture":"level1_block_middle"},{"x":7696,"y":176,"texture":"level1_block_middle"},{"x":7696,"y":112,"texture":"level1_block_middle"},{"x":7696,"y":144,"texture":"level1_block_middle"},{"x":7696,"y":80,"texture":"level1_block_middle"},{"x":7696,"y":48,"texture":"level1_block_middle"},{"x":7696,"y":16,"texture":"level1_block_middle"}],"traps":[{"x":624,"y":752,"texture":"level1_block_lava"},{"x":688,"y":752,"texture":"level1_block_lava"},{"x":656,"y":752,"texture":"level1_block_lava"},{"x":720,"y":752,"texture":"level1_block_lava"},{"x":752,"y":752,"texture":"level1_block_lava"},{"x":816,"y":752,"texture":"level1_block_lava"},{"x":784,"y":752,"texture":"level1_block_lava"},{"x":816,"y":752,"texture":"level1_block_lava"},{"x":848,"y":752,"texture":"level1_block_lava"},{"x":912,"y":752,"texture":"level1_block_lava"},{"x":880,"y":752,"texture":"level1_block_lava"},{"x":1008,"y":752,"texture":"level1_block_lava"},{"x":944,"y":752,"texture":"level1_block_lava"},{"x":976,"y":752,"texture":"level1_block_lava"},{"x":1040,"y":752,"texture":"level1_block_lava"},{"x":1104,"y":752,"texture":"level1_block_lava"},{"x":1072,"y":752,"texture":"level1_block_lava"},{"x":1168,"y":752,"texture":"level1_block_lava"},{"x":1136,"y":752,"texture":"level1_block_lava"},{"x":1232,"y":752,"texture":"level1_block_lava"},{"x":1168,"y":752,"texture":"level1_block_lava"},{"x":1232,"y":752,"texture":"level1_block_lava"},{"x":1200,"y":752,"texture":"level1_block_lava"},{"x":1232,"y":752,"texture":"level1_block_lava"},{"x":1264,"y":752,"texture":"level1_block_lava"},{"x":1328,"y":752,"texture":"level1_block_lava"},{"x":1296,"y":752,"texture":"level1_block_lava"},{"x":1360,"y":752,"texture":"level1_block_lava"},{"x":1456,"y":752,"texture":"level1_block_lava"},{"x":1392,"y":752,"texture":"level1_block_lava"},{"x":1424,"y":752,"texture":"level1_block_lava"},{"x":1488,"y":752,"texture":"level1_block_lava"},{"x":1520,"y":752,"texture":"level1_block_lava"},{"x":1552,"y":752,"texture":"level1_block_lava"},{"x":1584,"y":752,"texture":"level1_block_lava"},{"x":1616,"y":752,"texture":"level1_block_lava"},{"x":1680,"y":752,"texture":"level1_block_lava"},{"x":1648,"y":752,"texture":"level1_block_lava"},{"x":1744,"y":752,"texture":"level1_block_lava"},{"x":1712,"y":752,"texture":"level1_block_lava"},{"x":1744,"y":752,"texture":"level1_block_lava"},{"x":1776,"y":752,"texture":"level1_block_lava"},{"x":1840,"y":752,"texture":"level1_block_lava"},{"x":1808,"y":752,"texture":"level1_block_lava"},{"x":1904,"y":752,"texture":"level1_block_lava"},{"x":1872,"y":752,"texture":"level1_block_lava"},{"x":1936,"y":752,"texture":"level1_block_lava"},{"x":1968,"y":752,"texture":"level1_block_lava"},{"x":1968,"y":752,"texture":"level1_block_lava"},{"x":2000,"y":752,"texture":"level1_block_lava"},{"x":2032,"y":752,"texture":"level1_block_lava"},{"x":2032,"y":752,"texture":"level1_block_lava"},{"x":2064,"y":752,"texture":"level1_block_lava"},{"x":2096,"y":752,"texture":"level1_block_lava"},{"x":2128,"y":752,"texture":"level1_block_lava"},{"x":2160,"y":752,"texture":"level1_block_lava"},{"x":2192,"y":752,"texture":"level1_block_lava"},{"x":2224,"y":752,"texture":"level1_block_lava"},{"x":2256,"y":752,"texture":"level1_block_lava"},{"x":2288,"y":752,"texture":"level1_block_lava"},{"x":2384,"y":752,"texture":"level1_block_lava"},{"x":2320,"y":752,"texture":"level1_block_lava"},{"x":2352,"y":752,"texture":"level1_block_lava"},{"x":2448,"y":752,"texture":"level1_block_lava"},{"x":2480,"y":752,"texture":"level1_block_lava"},{"x":2448,"y":752,"texture":"level1_block_lava"},{"x":2512,"y":752,"texture":"level1_block_lava"},{"x":2416,"y":752,"texture":"level1_block_lava"},{"x":2544,"y":752,"texture":"level1_block_lava"},{"x":2608,"y":752,"texture":"level1_block_lava"},{"x":2576,"y":752,"texture":"level1_block_lava"},{"x":2640,"y":752,"texture":"level1_block_lava"},{"x":2672,"y":752,"texture":"level1_block_lava"},{"x":2704,"y":752,"texture":"level1_block_lava"},{"x":2736,"y":752,"texture":"level1_block_lava"},{"x":2736,"y":752,"texture":"level1_block_lava"},{"x":2768,"y":752,"texture":"level1_block_lava"},{"x":2832,"y":752,"texture":"level1_block_lava"},{"x":2832,"y":752,"texture":"level1_block_lava"},{"x":2864,"y":752,"texture":"level1_block_lava"},{"x":2800,"y":752,"texture":"level1_block_lava"},{"x":2928,"y":752,"texture":"level1_block_lava"},{"x":2928,"y":752,"texture":"level1_block_lava"},{"x":2896,"y":752,"texture":"level1_block_lava"},{"x":2992,"y":752,"texture":"level1_block_lava"},{"x":2992,"y":752,"texture":"level1_block_lava"},{"x":2928,"y":752,"texture":"level1_block_lava"},{"x":2992,"y":752,"texture":"level1_block_lava"},{"x":3024,"y":752,"texture":"level1_block_lava"},{"x":2928,"y":752,"texture":"level1_block_lava"},{"x":2960,"y":752,"texture":"level1_block_lava"},{"x":3088,"y":752,"texture":"level1_block_lava"},{"x":3088,"y":752,"texture":"level1_block_lava"},{"x":3056,"y":752,"texture":"level1_block_lava"},{"x":3056,"y":752,"texture":"level1_block_lava"},{"x":3216,"y":752,"texture":"level1_block_lava"},{"x":3216,"y":752,"texture":"level1_block_lava"},{"x":3152,"y":752,"texture":"level1_block_lava"},{"x":3120,"y":752,"texture":"level1_block_lava"},{"x":3120,"y":752,"texture":"level1_block_lava"},{"x":3184,"y":752,"texture":"level1_block_lava"},{"x":3184,"y":752,"texture":"level1_block_lava"},{"x":3216,"y":752,"texture":"level1_block_lava"},{"x":3280,"y":752,"texture":"level1_block_lava"},{"x":3280,"y":752,"texture":"level1_block_lava"},{"x":3248,"y":752,"texture":"level1_block_lava"},{"x":3248,"y":752,"texture":"level1_block_lava"},{"x":3408,"y":752,"texture":"level1_block_lava"},{"x":3344,"y":752,"texture":"level1_block_lava"},{"x":3312,"y":752,"texture":"level1_block_lava"},{"x":3376,"y":752,"texture":"level1_block_lava"},{"x":3376,"y":752,"texture":"level1_block_lava"},{"x":3472,"y":752,"texture":"level1_block_lava"},{"x":3440,"y":752,"texture":"level1_block_lava"},{"x":3536,"y":752,"texture":"level1_block_lava"},{"x":3472,"y":752,"texture":"level1_block_lava"},{"x":3504,"y":752,"texture":"level1_block_lava"},{"x":3568,"y":752,"texture":"level1_block_kill"},{"x":3600,"y":752,"texture":"level1_block_kill"},{"x":3664,"y":752,"texture":"level1_block_kill"},{"x":3696,"y":752,"texture":"level1_block_kill"},{"x":3632,"y":752,"texture":"level1_block_kill"},{"x":3728,"y":752,"texture":"level1_block_kill"},{"x":3792,"y":752,"texture":"level1_block_kill"},{"x":3760,"y":752,"texture":"level1_block_kill"},{"x":3824,"y":752,"texture":"level1_block_kill"},{"x":3888,"y":752,"texture":"level1_block_kill"},{"x":3856,"y":752,"texture":"level1_block_kill"},{"x":3920,"y":752,"texture":"level1_block_kill"},{"x":3952,"y":752,"texture":"level1_block_kill"},{"x":4016,"y":752,"texture":"level1_block_kill"},{"x":3984,"y":752,"texture":"level1_block_kill"},{"x":4048,"y":752,"texture":"level1_block_kill"},{"x":4112,"y":752,"texture":"level1_block_kill"},{"x":4080,"y":752,"texture":"level1_block_kill"},{"x":4304,"y":144,"texture":"level1_block_lava"},{"x":4336,"y":144,"texture":"level1_block_lava"},{"x":4336,"y":144,"texture":"level1_block_lava"},{"x":4368,"y":144,"texture":"level1_block_lava"},{"x":4400,"y":144,"texture":"level1_block_lava"},{"x":4432,"y":752,"texture":"level1_block_kill"},{"x":4656,"y":720,"texture":"level1_block_lava"},{"x":4656,"y":656,"texture":"level1_block_lava"},{"x":4656,"y":688,"texture":"level1_block_lava"},{"x":4656,"y":624,"texture":"level1_block_lava"},{"x":4656,"y":592,"texture":"level1_block_lava"},{"x":4656,"y":560,"texture":"level1_block_lava"},{"x":4656,"y":496,"texture":"level1_block_lava"},{"x":4656,"y":528,"texture":"level1_block_lava"},{"x":4688,"y":496,"texture":"level1_block_lava"},{"x":4720,"y":496,"texture":"level1_block_lava"},{"x":5136,"y":496,"texture":"level1_block_lava"},{"x":5168,"y":496,"texture":"level1_block_lava"},{"x":5200,"y":496,"texture":"level1_block_lava"},{"x":5360,"y":496,"texture":"level1_block_lava"},{"x":5392,"y":496,"texture":"level1_block_lava"},{"x":5424,"y":496,"texture":"level1_block_lava"},{"x":5584,"y":496,"texture":"level1_block_lava"},{"x":5648,"y":496,"texture":"level1_block_lava"},{"x":5680,"y":496,"texture":"level1_block_lava"},{"x":5616,"y":496,"texture":"level1_block_lava"},{"x":5840,"y":496,"texture":"level1_block_lava"},{"x":5936,"y":496,"texture":"level1_block_lava"},{"x":5872,"y":496,"texture":"level1_block_lava"},{"x":5904,"y":496,"texture":"level1_block_lava"},{"x":5968,"y":496,"texture":"level1_block_lava"},{"x":6288,"y":496,"texture":"level1_block_lava"},{"x":6352,"y":496,"texture":"level1_block_lava"},{"x":6320,"y":496,"texture":"level1_block_lava"},{"x":4720,"y":752,"texture":"level1_block_lava"},{"x":4752,"y":752,"texture":"level1_block_lava"},{"x":4816,"y":752,"texture":"level1_block_lava"},{"x":4784,"y":752,"texture":"level1_block_lava"},{"x":4880,"y":752,"texture":"level1_block_lava"},{"x":4848,"y":752,"texture":"level1_block_lava"},{"x":4912,"y":752,"texture":"level1_block_lava"},{"x":4976,"y":752,"texture":"level1_block_lava"},{"x":4944,"y":752,"texture":"level1_block_lava"},{"x":5008,"y":752,"texture":"level1_block_lava"},{"x":5072,"y":752,"texture":"level1_block_lava"},{"x":5040,"y":752,"texture":"level1_block_lava"},{"x":5136,"y":752,"texture":"level1_block_lava"},{"x":5104,"y":752,"texture":"level1_block_lava"},{"x":5168,"y":752,"texture":"level1_block_lava"},{"x":5232,"y":752,"texture":"level1_block_lava"},{"x":5200,"y":752,"texture":"level1_block_lava"},{"x":5264,"y":752,"texture":"level1_block_lava"},{"x":5296,"y":752,"texture":"level1_block_lava"},{"x":5360,"y":752,"texture":"level1_block_lava"},{"x":5328,"y":752,"texture":"level1_block_lava"},{"x":5392,"y":752,"texture":"level1_block_lava"},{"x":5456,"y":752,"texture":"level1_block_lava"},{"x":5520,"y":752,"texture":"level1_block_lava"},{"x":5424,"y":752,"texture":"level1_block_lava"},{"x":5488,"y":752,"texture":"level1_block_lava"},{"x":5552,"y":752,"texture":"level1_block_lava"},{"x":5616,"y":752,"texture":"level1_block_lava"},{"x":5584,"y":752,"texture":"level1_block_lava"},{"x":5680,"y":752,"texture":"level1_block_lava"},{"x":5648,"y":752,"texture":"level1_block_lava"},{"x":5712,"y":752,"texture":"level1_block_lava"},{"x":5776,"y":752,"texture":"level1_block_lava"},{"x":5744,"y":752,"texture":"level1_block_lava"},{"x":5808,"y":752,"texture":"level1_block_lava"},{"x":5840,"y":752,"texture":"level1_block_lava"},{"x":5872,"y":752,"texture":"level1_block_lava"},{"x":5904,"y":752,"texture":"level1_block_lava"},{"x":6000,"y":752,"texture":"level1_block_lava"},{"x":5936,"y":752,"texture":"level1_block_lava"},{"x":5968,"y":752,"texture":"level1_block_lava"},{"x":6032,"y":752,"texture":"level1_block_lava"},{"x":6064,"y":752,"texture":"level1_block_lava"},{"x":6096,"y":752,"texture":"level1_block_lava"},{"x":6128,"y":752,"texture":"level1_block_lava"},{"x":6192,"y":752,"texture":"level1_block_lava"},{"x":6224,"y":752,"texture":"level1_block_lava"},{"x":6160,"y":752,"texture":"level1_block_lava"},{"x":6288,"y":752,"texture":"level1_block_lava"},{"x":6288,"y":752,"texture":"level1_block_lava"},{"x":6352,"y":752,"texture":"level1_block_lava"},{"x":6256,"y":752,"texture":"level1_block_lava"},{"x":6320,"y":752,"texture":"level1_block_lava"},{"x":6384,"y":752,"texture":"level1_block_lava"},{"x":6448,"y":752,"texture":"level1_block_lava"},{"x":6416,"y":752,"texture":"level1_block_lava"},{"x":6480,"y":752,"texture":"level1_block_lava"},{"x":6544,"y":752,"texture":"level1_block_lava"},{"x":6480,"y":752,"texture":"level1_block_lava"},{"x":6512,"y":752,"texture":"level1_block_lava"},{"x":6576,"y":752,"texture":"level1_block_lava"},{"x":6576,"y":752,"texture":"level1_block_lava"},{"x":6608,"y":752,"texture":"level1_block_lava"},{"x":6672,"y":752,"texture":"level1_block_lava"},{"x":6704,"y":752,"texture":"level1_block_lava"},{"x":6640,"y":752,"texture":"level1_block_lava"},{"x":6736,"y":752,"texture":"level1_block_lava"},{"x":6768,"y":752,"texture":"level1_block_lava"},{"x":6800,"y":752,"texture":"level1_block_lava"},{"x":6832,"y":752,"texture":"level1_block_lava"},{"x":6864,"y":752,"texture":"level1_block_lava"},{"x":6896,"y":752,"texture":"level1_block_lava"},{"x":6928,"y":752,"texture":"level1_block_lava"},{"x":6960,"y":752,"texture":"level1_block_lava"},{"x":6992,"y":752,"texture":"level1_block_lava"},{"x":7024,"y":752,"texture":"level1_block_lava"},{"x":7056,"y":752,"texture":"level1_block_lava"},{"x":7088,"y":752,"texture":"level1_block_lava"},{"x":7120,"y":752,"texture":"level1_block_lava"},{"x":7152,"y":752,"texture":"level1_block_lava"}],"stars":[{"x":2532,"y":564,"texture":"level1_star"},{"x":2556,"y":564,"texture":"level1_star"},{"x":2604,"y":564,"texture":"level1_star"},{"x":2628,"y":564,"texture":"level1_star"},{"x":2940,"y":628,"texture":"level1_star"},{"x":2964,"y":628,"texture":"level1_star"},{"x":3012,"y":628,"texture":"level1_star"},{"x":3036,"y":628,"texture":"level1_star"},{"x":3084,"y":628,"texture":"level1_star"},{"x":4812,"y":468,"texture":"level1_star"},{"x":4764,"y":468,"texture":"level1_star"},{"x":4788,"y":468,"texture":"level1_star"},{"x":6228,"y":468,"texture":"level1_star"},{"x":6252,"y":468,"texture":"level1_star"},{"x":6852,"y":384958.0000000088,"texture":"level1_star"},{"x":6828,"y":692,"texture":"level1_star"}],"bossDoors":[{"x":7632,"y":624,"texture":"level1_boss_door"}]}