{"platforms":[{"x":48,"y":752,"texture":"level1_block_middle"},{"x":16,"y":752,"texture":"level1_block_middle"},{"x":80,"y":752,"texture":"level1_block_middle"},{"x":112,"y":752,"texture":"level1_block_middle"},{"x":144,"y":752,"texture":"level1_block_middle"},{"x":176,"y":752,"texture":"level1_block_middle"},{"x":208,"y":752,"texture":"level1_block_middle"},{"x":240,"y":752,"texture":"level1_block_middle"},{"x":272,"y":752,"texture":"level1_block_middle"},{"x":304,"y":752,"texture":"level1_block_middle"},{"x":336,"y":752,"texture":"level1_block_middle"},{"x":368,"y":752,"texture":"level1_block_middle"},{"x":400,"y":752,"texture":"level1_block_middle"},{"x":432,"y":752,"texture":"level1_block_middle"},{"x":464,"y":752,"texture":"level1_block_middle"},{"x":16,"y":464,"texture":"level1_block_middle"},{"x":48,"y":464,"texture":"level1_block_middle"},{"x":80,"y":464,"texture":"level1_block_middle"},{"x":112,"y":464,"texture":"level1_block_middle"},{"x":144,"y":464,"texture":"level1_block_middle"},{"x":176,"y":464,"texture":"level1_block_middle"},{"x":208,"y":464,"texture":"level1_block_middle"},{"x":240,"y":464,"texture":"level1_block_middle"},{"x":272,"y":464,"texture":"level1_block_middle"},{"x":304,"y":464,"texture":"level1_block_middle"},{"x":336,"y":464,"texture":"level1_block_middle"},{"x":368,"y":464,"texture":"level1_block_middle"},{"x":400,"y":464,"texture":"level1_block_middle"},{"x":560,"y":464,"texture":"level1_block_middle"},{"x":592,"y":464,"texture":"level1_block_middle"},{"x":528,"y":464,"texture":"level1_block_middle"},{"x":496,"y":464,"texture":"level1_block_middle"},{"x":464,"y":464,"texture":"level1_block_middle"},{"x":432,"y":464,"texture":"level1_block_middle"},{"x":624,"y":464,"texture":"level1_block_middle"},{"x":656,"y":464,"texture":"level1_block_middle"},{"x":688,"y":464,"texture":"level1_block_middle"},{"x":720,"y":464,"texture":"level1_block_middle"},{"x":752,"y":464,"texture":"level1_block_middle"},{"x":784,"y":464,"texture":"level1_block_middle"},{"x":816,"y":464,"texture":"level1_block_middle"},{"x":848,"y":464,"texture":"level1_block_middle"},{"x":880,"y":464,"texture":"level1_block_middle"},{"x":1072,"y":464,"texture":"level1_block_middle"},{"x":1040,"y":464,"texture":"level1_block_middle"},{"x":1008,"y":464,"texture":"level1_block_middle"},{"x":976,"y":464,"texture":"level1_block_middle"},{"x":944,"y":464,"texture":"level1_block_middle"},{"x":496,"y":752,"texture":"level1_block_middle"},{"x":528,"y":752,"texture":"level1_block_middle"},{"x":560,"y":752,"texture":"level1_block_middle"},{"x":592,"y":752,"texture":"level1_block_middle"},{"x":624,"y":752,"texture":"level1_block_middle"},{"x":656,"y":752,"texture":"level1_block_middle"},{"x":688,"y":752,"texture":"level1_block_middle"},{"x":720,"y":752,"texture":"level1_block_middle"},{"x":752,"y":752,"texture":"level1_block_middle"},{"x":784,"y":752,"texture":"level1_block_middle"},{"x":816,"y":752,"texture":"level1_block_middle"},{"x":848,"y":752,"texture":"level1_block_middle"},{"x":880,"y":752,"texture":"level1_block_middle"},{"x":912,"y":752,"texture":"level1_block_middle"},{"x":944,"y":752,"texture":"level1_block_middle"},{"x":976,"y":752,"texture":"level1_block_middle"},{"x":1008,"y":752,"texture":"level1_block_middle"},{"x":1040,"y":752,"texture":"level1_block_middle"},{"x":1072,"y":752,"texture":"level1_block_middle"},{"x":1104,"y":752,"texture":"level1_block_middle"},{"x":1136,"y":752,"texture":"level1_block_middle"},{"x":1168,"y":752,"texture":"level1_block_middle"},{"x":1488,"y":752,"texture":"level1_block_middle"},{"x":1456,"y":752,"texture":"level1_block_middle"},{"x":1424,"y":752,"texture":"level1_block_middle"},{"x":1392,"y":752,"texture":"level1_block_middle"},{"x":1328,"y":752,"texture":"level1_block_middle"},{"x":1296,"y":752,"texture":"level1_block_middle"},{"x":1264,"y":752,"texture":"level1_block_middle"},{"x":1232,"y":752,"texture":"level1_block_middle"},{"x":1200,"y":752,"texture":"level1_block_middle"},{"x":1360,"y":752,"texture":"level1_block_middle"},{"x":1520,"y":752,"texture":"level1_block_middle"},{"x":1552,"y":752,"texture":"level1_block_middle"},{"x":1584,"y":752,"texture":"level1_block_middle"},{"x":1712,"y":752,"texture":"level1_block_middle"},{"x":1680,"y":752,"texture":"level1_block_middle"},{"x":1648,"y":752,"texture":"level1_block_middle"},{"x":1616,"y":752,"texture":"level1_block_middle"},{"x":1680,"y":720,"texture":"level1_block_middle"},{"x":1712,"y":720,"texture":"level1_block_middle"},{"x":1712,"y":688,"texture":"level1_block_middle"},{"x":1680,"y":688,"texture":"level1_block_middle"},{"x":1648,"y":688,"texture":"level1_block_middle"},{"x":1648,"y":720,"texture":"level1_block_middle"},{"x":1744,"y":752,"texture":"level1_block_middle"},{"x":1744,"y":720,"texture":"level1_block_middle"},{"x":1744,"y":688,"texture":"level1_block_middle"},{"x":1744,"y":656,"texture":"level1_block_middle"},{"x":1744,"y":624,"texture":"level1_block_middle"},{"x":1744,"y":592,"texture":"level1_block_middle"},{"x":1744,"y":560,"texture":"level1_block_middle"},{"x":1744,"y":528,"texture":"level1_block_middle"},{"x":1744,"y":496,"texture":"level1_block_middle"},{"x":1744,"y":464,"texture":"level1_block_middle"},{"x":1712,"y":464,"texture":"level1_block_middle"},{"x":1680,"y":464,"texture":"level1_block_middle"},{"x":1648,"y":464,"texture":"level1_block_middle"},{"x":1616,"y":464,"texture":"level1_block_middle"},{"x":1584,"y":464,"texture":"level1_block_middle"},{"x":1552,"y":464,"texture":"level1_block_middle"},{"x":1520,"y":464,"texture":"level1_block_middle"},{"x":1488,"y":464,"texture":"level1_block_middle"},{"x":1456,"y":464,"texture":"level1_block_middle"},{"x":1424,"y":464,"texture":"level1_block_middle"},{"x":1392,"y":464,"texture":"level1_block_middle"},{"x":1360,"y":464,"texture":"level1_block_middle"},{"x":1328,"y":464,"texture":"level1_block_middle"},{"x":1296,"y":464,"texture":"level1_block_middle"},{"x":1264,"y":464,"texture":"level1_block_middle"},{"x":1232,"y":464,"texture":"level1_block_middle"},{"x":1200,"y":464,"texture":"level1_block_middle"},{"x":1168,"y":464,"texture":"level1_block_middle"},{"x":1136,"y":464,"texture":"level1_block_middle"},{"x":1104,"y":464,"texture":"level1_block_middle"},{"x":912,"y":464,"texture":"level1_block_middle"}],"traps":[],"stars":[{"x":252,"y":724,"texture":"level1_star"},{"x":252,"y":724,"texture":"level1_star"},{"x":252,"y":724,"texture":"level1_star"},{"x":276,"y":724,"texture":"level1_star"},{"x":276,"y":724,"texture":"level1_star"},{"x":300,"y":724,"texture":"level1_star"},{"x":300,"y":724,"texture":"level1_star"},{"x":300,"y":724,"texture":"level1_star"},{"x":444,"y":724,"texture":"level1_star"},{"x":468,"y":724,"texture":"level1_star"},{"x":492,"y":724,"texture":"level1_star"},{"x":516,"y":724,"texture":"level1_star"},{"x":540,"y":724,"texture":"level1_star"},{"x":588,"y":724,"texture":"level1_star"},{"x":612,"y":724,"texture":"level1_star"},{"x":636,"y":724,"texture":"level1_star"},{"x":660,"y":724,"texture":"level1_star"},{"x":684,"y":724,"texture":"level1_star"},{"x":708,"y":724,"texture":"level1_star"},{"x":732,"y":724,"texture":"level1_star"},{"x":1212,"y":724,"texture":"level1_star"},{"x":1236,"y":724,"texture":"level1_star"},{"x":1260,"y":724,"texture":"level1_star"},{"x":1284,"y":724,"texture":"level1_star"},{"x":1308,"y":724,"texture":"level1_star"},{"x":1404,"y":724,"texture":"level1_star"},{"x":1404,"y":724,"texture":"level1_star"},{"x":1380,"y":724,"texture":"level1_star"},{"x":1380,"y":724,"texture":"level1_star"},{"x":1380,"y":724,"texture":"level1_star"},{"x":1380,"y":724,"texture":"level1_star"},{"x":1404,"y":724,"texture":"level1_star"},{"x":1428,"y":724,"texture":"level1_star"},{"x":1428,"y":724,"texture":"level1_star"},{"x":1452,"y":724,"texture":"level1_star"},{"x":1476,"y":724,"texture":"level1_star"},{"x":1476,"y":724,"texture":"level1_star"},{"x":1500,"y":724,"texture":"level1_star"},{"x":1500,"y":724,"texture":"level1_star"},{"x":1524,"y":724,"texture":"level1_star"},{"x":1524,"y":724,"texture":"level1_star"},{"x":1524,"y":724,"texture":"level1_star"},{"x":1452,"y":724,"texture":"level1_star"},{"x":1452,"y":724,"texture":"level1_star"},{"x":1452,"y":724,"texture":"level1_star"},{"x":1452,"y":724,"texture":"level1_star"},{"x":1428,"y":724,"texture":"level1_star"},{"x":1404,"y":724,"texture":"level1_star"},{"x":1380,"y":724,"texture":"level1_star"},{"x":1356,"y":724,"texture":"level1_star"},{"x":1308,"y":724,"texture":"level1_star"},{"x":1140,"y":724,"texture":"level1_star"},{"x":1068,"y":724,"texture":"level1_star"},{"x":1044,"y":724,"texture":"level1_star"},{"x":708,"y":724,"texture":"level1_star"},{"x":732,"y":724,"texture":"level1_star"},{"x":756,"y":724,"texture":"level1_star"},{"x":804,"y":724,"texture":"level1_star"},{"x":828,"y":724,"texture":"level1_star"},{"x":876,"y":724,"texture":"level1_star"},{"x":876,"y":724,"texture":"level1_star"},{"x":900,"y":724,"texture":"level1_star"},{"x":900,"y":724,"texture":"level1_star"},{"x":900,"y":724,"texture":"level1_star"},{"x":900,"y":724,"texture":"level1_star"},{"x":900,"y":724,"texture":"level1_star"},{"x":924,"y":724,"texture":"level1_star"},{"x":924,"y":724,"texture":"level1_star"},{"x":948,"y":724,"texture":"level1_star"},{"x":948,"y":724,"texture":"level1_star"},{"x":972,"y":724,"texture":"level1_star"}],"bossDoors":[{"x":1680,"y":624,"texture":"level1_boss_door"}]}